participant_id,presentation_order,case_id,condition_id,stimulus_id,representation_condition,human_only_information_condition,ai_correctness_condition
DEMO0001,1,MSOD03,C3,MSOD03_C3,low_qc_candidate,present,correct
DEMO0001,2,MSOD01,C1,MSOD01_C1,low_qc_candidate,absent,correct
DEMO0001,3,MSOD08,C8,MSOD08_C8,high_qc_candidate,present,incorrect
DEMO0001,4,MSOD07,C7,MSOD07_C7,high_qc_candidate,present,correct
DEMO0001,5,MSOD04,C4,MSOD04_C4,low_qc_candidate,present,incorrect
DEMO0001,6,MSOD10,C2,MSOD10_C2,low_qc_candidate,absent,incorrect
DEMO0001,7,MSOD06,C6,MSOD06_C6,high_qc_candidate,absent,incorrect
DEMO0001,8,MSOD05,C5,MSOD05_C5,high_qc_candidate,absent,correct
DEMO0001,9,MSOD02,C2,MSOD02_C2,low_qc_candidate,absent,incorrect
DEMO0001,10,MSOD09,C1,MSOD09_C1,low_qc_candidate,absent,correct
DEMO0002,1,MSOD08,C1,MSOD08_C1,low_qc_candidate,absent,correct
DEMO0002,2,MSOD03,C4,MSOD03_C4,low_qc_candidate,present,incorrect
DEMO0002,3,MSOD07,C8,MSOD07_C8,high_qc_candidate,present,incorrect
DEMO0002,4,MSOD04,C5,MSOD04_C5,high_qc_candidate,absent,correct
DEMO0002,5,MSOD02,C3,MSOD02_C3,low_qc_candidate,present,correct
DEMO0002,6,MSOD05,C6,MSOD05_C6,high_qc_candidate,absent,incorrect
DEMO0002,7,MSOD10,C3,MSOD10_C3,low_qc_candidate,present,correct
DEMO0002,8,MSOD06,C7,MSOD06_C7,high_qc_candidate,present,correct
DEMO0002,9,MSOD09,C2,MSOD09_C2,low_qc_candidate,absent,incorrect
DEMO0002,10,MSOD01,C2,MSOD01_C2,low_qc_candidate,absent,incorrect
DEMO0003,1,MSOD09,C3,MSOD09_C3,low_qc_candidate,present,correct
DEMO0003,2,MSOD02,C4,MSOD02_C4,low_qc_candidate,present,incorrect
DEMO0003,3,MSOD07,C1,MSOD07_C1,low_qc_candidate,absent,correct
DEMO0003,4,MSOD03,C5,MSOD03_C5,high_qc_candidate,absent,correct
DEMO0003,5,MSOD10,C4,MSOD10_C4,low_qc_candidate,present,incorrect
DEMO0003,6,MSOD05,C7,MSOD05_C7,high_qc_candidate,present,correct
DEMO0003,7,MSOD08,C2,MSOD08_C2,low_qc_candidate,absent,incorrect
DEMO0003,8,MSOD06,C8,MSOD06_C8,high_qc_candidate,present,incorrect
DEMO0003,9,MSOD04,C6,MSOD04_C6,high_qc_candidate,absent,incorrect
DEMO0003,10,MSOD01,C3,MSOD01_C3,low_qc_candidate,present,correct
DEMO0004,1,MSOD04,C7,MSOD04_C7,high_qc_candidate,present,correct
DEMO0004,2,MSOD03,C6,MSOD03_C6,high_qc_candidate,absent,incorrect
DEMO0004,3,MSOD06,C1,MSOD06_C1,low_qc_candidate,absent,correct
DEMO0004,4,MSOD10,C5,MSOD10_C5,high_qc_candidate,absent,correct
DEMO0004,5,MSOD09,C4,MSOD09_C4,low_qc_candidate,present,incorrect
DEMO0004,6,MSOD08,C3,MSOD08_C3,low_qc_candidate,present,correct
DEMO0004,7,MSOD02,C5,MSOD02_C5,high_qc_candidate,absent,correct
DEMO0004,8,MSOD05,C8,MSOD05_C8,high_qc_candidate,present,incorrect
DEMO0004,9,MSOD07,C2,MSOD07_C2,low_qc_candidate,absent,incorrect
DEMO0004,10,MSOD01,C4,MSOD01_C4,low_qc_candidate,present,incorrect
DEMO0005,1,MSOD08,C4,MSOD08_C4,low_qc_candidate,present,incorrect
DEMO0005,2,MSOD05,C1,MSOD05_C1,low_qc_candidate,absent,correct
DEMO0005,3,MSOD06,C2,MSOD06_C2,low_qc_candidate,absent,incorrect
DEMO0005,4,MSOD03,C7,MSOD03_C7,high_qc_candidate,present,correct
DEMO0005,5,MSOD02,C6,MSOD02_C6,high_qc_candidate,absent,incorrect
DEMO0005,6,MSOD07,C3,MSOD07_C3,low_qc_candidate,present,correct
DEMO0005,7,MSOD09,C5,MSOD09_C5,high_qc_candidate,absent,correct
DEMO0005,8,MSOD04,C8,MSOD04_C8,high_qc_candidate,present,incorrect
DEMO0005,9,MSOD10,C6,MSOD10_C6,high_qc_candidate,absent,incorrect
DEMO0005,10,MSOD01,C5,MSOD01_C5,high_qc_candidate,absent,correct
DEMO0006,1,MSOD08,C5,MSOD08_C5,high_qc_candidate,absent,correct
DEMO0006,2,MSOD01,C6,MSOD01_C6,high_qc_candidate,absent,incorrect
DEMO0006,3,MSOD03,C8,MSOD03_C8,high_qc_candidate,present,incorrect
DEMO0006,4,MSOD07,C4,MSOD07_C4,low_qc_candidate,present,incorrect
DEMO0006,5,MSOD05,C2,MSOD05_C2,low_qc_candidate,absent,incorrect
DEMO0006,6,MSOD09,C6,MSOD09_C6,high_qc_candidate,absent,incorrect
DEMO0006,7,MSOD10,C7,MSOD10_C7,high_qc_candidate,present,correct
DEMO0006,8,MSOD06,C3,MSOD06_C3,low_qc_candidate,present,correct
DEMO0006,9,MSOD02,C7,MSOD02_C7,high_qc_candidate,present,correct
DEMO0006,10,MSOD04,C1,MSOD04_C1,low_qc_candidate,absent,correct
DEMO0007,1,MSOD01,C7,MSOD01_C7,high_qc_candidate,present,correct
DEMO0007,2,MSOD02,C8,MSOD02_C8,high_qc_candidate,present,incorrect
DEMO0007,3,MSOD10,C8,MSOD10_C8,high_qc_candidate,present,incorrect
DEMO0007,4,MSOD06,C4,MSOD06_C4,low_qc_candidate,present,incorrect
DEMO0007,5,MSOD05,C3,MSOD05_C3,low_qc_candidate,present,correct
DEMO0007,6,MSOD03,C1,MSOD03_C1,low_qc_candidate,absent,correct
DEMO0007,7,MSOD07,C5,MSOD07_C5,high_qc_candidate,absent,correct
DEMO0007,8,MSOD04,C2,MSOD04_C2,low_qc_candidate,absent,incorrect
DEMO0007,9,MSOD09,C7,MSOD09_C7,high_qc_candidate,present,correct
DEMO0007,10,MSOD08,C6,MSOD08_C6,high_qc_candidate,absent,incorrect
DEMO0008,1,MSOD08,C7,MSOD08_C7,high_qc_candidate,present,correct
DEMO0008,2,MSOD10,C1,MSOD10_C1,low_qc_candidate,absent,correct
DEMO0008,3,MSOD01,C8,MSOD01_C8,high_qc_candidate,present,incorrect
DEMO0008,4,MSOD07,C6,MSOD07_C6,high_qc_candidate,absent,incorrect
DEMO0008,5,MSOD02,C1,MSOD02_C1,low_qc_candidate,absent,correct
DEMO0008,6,MSOD09,C8,MSOD09_C8,high_qc_candidate,present,incorrect
DEMO0008,7,MSOD06,C5,MSOD06_C5,high_qc_candidate,absent,correct
DEMO0008,8,MSOD03,C2,MSOD03_C2,low_qc_candidate,absent,incorrect
DEMO0008,9,MSOD04,C3,MSOD04_C3,low_qc_candidate,present,correct
DEMO0008,10,MSOD05,C4,MSOD05_C4,low_qc_candidate,present,incorrect
DEMO0009,1,MSOD08,C8,MSOD08_C8,high_qc_candidate,present,incorrect
DEMO0009,2,MSOD10,C2,MSOD10_C2,low_qc_candidate,absent,incorrect
DEMO0009,3,MSOD09,C1,MSOD09_C1,low_qc_candidate,absent,correct
DEMO0009,4,MSOD02,C2,MSOD02_C2,low_qc_candidate,absent,incorrect
DEMO0009,5,MSOD07,C7,MSOD07_C7,high_qc_candidate,present,correct
DEMO0009,6,MSOD05,C5,MSOD05_C5,high_qc_candidate,absent,correct
DEMO0009,7,MSOD04,C4,MSOD04_C4,low_qc_candidate,present,incorrect
DEMO0009,8,MSOD03,C3,MSOD03_C3,low_qc_candidate,present,correct
DEMO0009,9,MSOD01,C1,MSOD01_C1,low_qc_candidate,absent,correct
DEMO0009,10,MSOD06,C6,MSOD06_C6,high_qc_candidate,absent,incorrect
DEMO0010,1,MSOD10,C3,MSOD10_C3,low_qc_candidate,present,correct
DEMO0010,2,MSOD03,C4,MSOD03_C4,low_qc_candidate,present,incorrect
DEMO0010,3,MSOD09,C2,MSOD09_C2,low_qc_candidate,absent,incorrect
DEMO0010,4,MSOD02,C3,MSOD02_C3,low_qc_candidate,present,correct
DEMO0010,5,MSOD07,C8,MSOD07_C8,high_qc_candidate,present,incorrect
DEMO0010,6,MSOD04,C5,MSOD04_C5,high_qc_candidate,absent,correct
DEMO0010,7,MSOD08,C1,MSOD08_C1,low_qc_candidate,absent,correct
DEMO0010,8,MSOD05,C6,MSOD05_C6,high_qc_candidate,absent,incorrect
DEMO0010,9,MSOD01,C2,MSOD01_C2,low_qc_candidate,absent,incorrect
DEMO0010,10,MSOD06,C7,MSOD06_C7,high_qc_candidate,present,correct
DEMO0011,1,MSOD06,C8,MSOD06_C8,high_qc_candidate,present,incorrect
DEMO0011,2,MSOD07,C1,MSOD07_C1,low_qc_candidate,absent,correct
DEMO0011,3,MSOD05,C7,MSOD05_C7,high_qc_candidate,present,correct
DEMO0011,4,MSOD08,C2,MSOD08_C2,low_qc_candidate,absent,incorrect
DEMO0011,5,MSOD01,C3,MSOD01_C3,low_qc_candidate,present,correct
DEMO0011,6,MSOD10,C4,MSOD10_C4,low_qc_candidate,present,incorrect
DEMO0011,7,MSOD04,C6,MSOD04_C6,high_qc_candidate,absent,incorrect
DEMO0011,8,MSOD09,C3,MSOD09_C3,low_qc_candidate,present,correct
DEMO0011,9,MSOD03,C5,MSOD03_C5,high_qc_candidate,absent,correct
DEMO0011,10,MSOD02,C4,MSOD02_C4,low_qc_candidate,present,incorrect
DEMO0012,1,MSOD08,C3,MSOD08_C3,low_qc_candidate,present,correct
DEMO0012,2,MSOD01,C4,MSOD01_C4,low_qc_candidate,present,incorrect
DEMO0012,3,MSOD06,C1,MSOD06_C1,low_qc_candidate,absent,correct
DEMO0012,4,MSOD09,C4,MSOD09_C4,low_qc_candidate,present,incorrect
DEMO0012,5,MSOD10,C5,MSOD10_C5,high_qc_candidate,absent,correct
DEMO0012,6,MSOD02,C5,MSOD02_C5,high_qc_candidate,absent,correct
DEMO0012,7,MSOD05,C8,MSOD05_C8,high_qc_candidate,present,incorrect
DEMO0012,8,MSOD04,C7,MSOD04_C7,high_qc_candidate,present,correct
DEMO0012,9,MSOD07,C2,MSOD07_C2,low_qc_candidate,absent,incorrect
DEMO0012,10,MSOD03,C6,MSOD03_C6,high_qc_candidate,absent,incorrect
DEMO0013,1,MSOD07,C3,MSOD07_C3,low_qc_candidate,present,correct
DEMO0013,2,MSOD06,C2,MSOD06_C2,low_qc_candidate,absent,incorrect
DEMO0013,3,MSOD03,C7,MSOD03_C7,high_qc_candidate,present,correct
DEMO0013,4,MSOD05,C1,MSOD05_C1,low_qc_candidate,absent,correct
DEMO0013,5,MSOD02,C6,MSOD02_C6,high_qc_candidate,absent,incorrect
DEMO0013,6,MSOD01,C5,MSOD01_C5,high_qc_candidate,absent,correct
DEMO0013,7,MSOD04,C8,MSOD04_C8,high_qc_candidate,present,incorrect
DEMO0013,8,MSOD09,C5,MSOD09_C5,high_qc_candidate,absent,correct
DEMO0013,9,MSOD08,C4,MSOD08_C4,low_qc_candidate,present,incorrect
DEMO0013,10,MSOD10,C6,MSOD10_C6,high_qc_candidate,absent,incorrect
DEMO0014,1,MSOD01,C6,MSOD01_C6,high_qc_candidate,absent,incorrect
DEMO0014,2,MSOD06,C3,MSOD06_C3,low_qc_candidate,present,correct
DEMO0014,3,MSOD07,C4,MSOD07_C4,low_qc_candidate,present,incorrect
DEMO0014,4,MSOD09,C6,MSOD09_C6,high_qc_candidate,absent,incorrect
DEMO0014,5,MSOD03,C8,MSOD03_C8,high_qc_candidate,present,incorrect
DEMO0014,6,MSOD10,C7,MSOD10_C7,high_qc_candidate,present,correct
DEMO0014,7,MSOD02,C7,MSOD02_C7,high_qc_candidate,present,correct
DEMO0014,8,MSOD04,C1,MSOD04_C1,low_qc_candidate,absent,correct
DEMO0014,9,MSOD08,C5,MSOD08_C5,high_qc_candidate,absent,correct
DEMO0014,10,MSOD05,C2,MSOD05_C2,low_qc_candidate,absent,incorrect
DEMO0015,1,MSOD10,C8,MSOD10_C8,high_qc_candidate,present,incorrect
DEMO0015,2,MSOD02,C8,MSOD02_C8,high_qc_candidate,present,incorrect
DEMO0015,3,MSOD04,C2,MSOD04_C2,low_qc_candidate,absent,incorrect
DEMO0015,4,MSOD09,C7,MSOD09_C7,high_qc_candidate,present,correct
DEMO0015,5,MSOD08,C6,MSOD08_C6,high_qc_candidate,absent,incorrect
DEMO0015,6,MSOD01,C7,MSOD01_C7,high_qc_candidate,present,correct
DEMO0015,7,MSOD06,C4,MSOD06_C4,low_qc_candidate,present,incorrect
DEMO0015,8,MSOD07,C5,MSOD07_C5,high_qc_candidate,absent,correct
DEMO0015,9,MSOD03,C1,MSOD03_C1,low_qc_candidate,absent,correct
DEMO0015,10,MSOD05,C3,MSOD05_C3,low_qc_candidate,present,correct
DEMO0016,1,MSOD09,C8,MSOD09_C8,high_qc_candidate,present,incorrect
DEMO0016,2,MSOD02,C1,MSOD02_C1,low_qc_candidate,absent,correct
DEMO0016,3,MSOD01,C8,MSOD01_C8,high_qc_candidate,present,incorrect
DEMO0016,4,MSOD04,C3,MSOD04_C3,low_qc_candidate,present,correct
DEMO0016,5,MSOD06,C5,MSOD06_C5,high_qc_candidate,absent,correct
DEMO0016,6,MSOD03,C2,MSOD03_C2,low_qc_candidate,absent,incorrect
DEMO0016,7,MSOD10,C1,MSOD10_C1,low_qc_candidate,absent,correct
DEMO0016,8,MSOD05,C4,MSOD05_C4,low_qc_candidate,present,incorrect
DEMO0016,9,MSOD07,C6,MSOD07_C6,high_qc_candidate,absent,incorrect
DEMO0016,10,MSOD08,C7,MSOD08_C7,high_qc_candidate,present,correct
DEMO0017,1,MSOD06,C6,MSOD06_C6,high_qc_candidate,absent,incorrect
DEMO0017,2,MSOD04,C4,MSOD04_C4,low_qc_candidate,present,incorrect
DEMO0017,3,MSOD07,C7,MSOD07_C7,high_qc_candidate,present,correct
DEMO0017,4,MSOD09,C1,MSOD09_C1,low_qc_candidate,absent,correct
DEMO0017,5,MSOD03,C3,MSOD03_C3,low_qc_candidate,present,correct
DEMO0017,6,MSOD01,C1,MSOD01_C1,low_qc_candidate,absent,correct
DEMO0017,7,MSOD10,C2,MSOD10_C2,low_qc_candidate,absent,incorrect
DEMO0017,8,MSOD05,C5,MSOD05_C5,high_qc_candidate,absent,correct
DEMO0017,9,MSOD08,C8,MSOD08_C8,high_qc_candidate,present,incorrect
DEMO0017,10,MSOD02,C2,MSOD02_C2,low_qc_candidate,absent,incorrect
DEMO0018,1,MSOD09,C2,MSOD09_C2,low_qc_candidate,absent,incorrect
DEMO0018,2,MSOD03,C4,MSOD03_C4,low_qc_candidate,present,incorrect
DEMO0018,3,MSOD05,C6,MSOD05_C6,high_qc_candidate,absent,incorrect
DEMO0018,4,MSOD01,C2,MSOD01_C2,low_qc_candidate,absent,incorrect
DEMO0018,5,MSOD07,C8,MSOD07_C8,high_qc_candidate,present,incorrect
DEMO0018,6,MSOD04,C5,MSOD04_C5,high_qc_candidate,absent,correct
DEMO0018,7,MSOD06,C7,MSOD06_C7,high_qc_candidate,present,correct
DEMO0018,8,MSOD02,C3,MSOD02_C3,low_qc_candidate,present,correct
DEMO0018,9,MSOD10,C3,MSOD10_C3,low_qc_candidate,present,correct
DEMO0018,10,MSOD08,C1,MSOD08_C1,low_qc_candidate,absent,correct
DEMO0019,1,MSOD02,C4,MSOD02_C4,low_qc_candidate,present,incorrect
DEMO0019,2,MSOD05,C7,MSOD05_C7,high_qc_candidate,present,correct
DEMO0019,3,MSOD07,C1,MSOD07_C1,low_qc_candidate,absent,correct
DEMO0019,4,MSOD10,C4,MSOD10_C4,low_qc_candidate,present,incorrect
DEMO0019,5,MSOD09,C3,MSOD09_C3,low_qc_candidate,present,correct
DEMO0019,6,MSOD04,C6,MSOD04_C6,high_qc_candidate,absent,incorrect
DEMO0019,7,MSOD01,C3,MSOD01_C3,low_qc_candidate,present,correct
DEMO0019,8,MSOD06,C8,MSOD06_C8,high_qc_candidate,present,incorrect
DEMO0019,9,MSOD03,C5,MSOD03_C5,high_qc_candidate,absent,correct
DEMO0019,10,MSOD08,C2,MSOD08_C2,low_qc_candidate,absent,incorrect
DEMO0020,1,MSOD05,C8,MSOD05_C8,high_qc_candidate,present,incorrect
DEMO0020,2,MSOD10,C5,MSOD10_C5,high_qc_candidate,absent,correct
DEMO0020,3,MSOD07,C2,MSOD07_C2,low_qc_candidate,absent,incorrect
DEMO0020,4,MSOD01,C4,MSOD01_C4,low_qc_candidate,present,incorrect
DEMO0020,5,MSOD03,C6,MSOD03_C6,high_qc_candidate,absent,incorrect
DEMO0020,6,MSOD02,C5,MSOD02_C5,high_qc_candidate,absent,correct
DEMO0020,7,MSOD04,C7,MSOD04_C7,high_qc_candidate,present,correct
DEMO0020,8,MSOD08,C3,MSOD08_C3,low_qc_candidate,present,correct
DEMO0020,9,MSOD09,C4,MSOD09_C4,low_qc_candidate,present,incorrect
DEMO0020,10,MSOD06,C1,MSOD06_C1,low_qc_candidate,absent,correct
DEMO0021,1,MSOD03,C7,MSOD03_C7,high_qc_candidate,present,correct
DEMO0021,2,MSOD06,C2,MSOD06_C2,low_qc_candidate,absent,incorrect
DEMO0021,3,MSOD08,C4,MSOD08_C4,low_qc_candidate,present,incorrect
DEMO0021,4,MSOD10,C6,MSOD10_C6,high_qc_candidate,absent,incorrect
DEMO0021,5,MSOD09,C5,MSOD09_C5,high_qc_candidate,absent,correct
DEMO0021,6,MSOD05,C1,MSOD05_C1,low_qc_candidate,absent,correct
DEMO0021,7,MSOD01,C5,MSOD01_C5,high_qc_candidate,absent,correct
DEMO0021,8,MSOD02,C6,MSOD02_C6,high_qc_candidate,absent,incorrect
DEMO0021,9,MSOD07,C3,MSOD07_C3,low_qc_candidate,present,correct
DEMO0021,10,MSOD04,C8,MSOD04_C8,high_qc_candidate,present,incorrect
DEMO0022,1,MSOD03,C8,MSOD03_C8,high_qc_candidate,present,incorrect
DEMO0022,2,MSOD04,C1,MSOD04_C1,low_qc_candidate,absent,correct
DEMO0022,3,MSOD06,C3,MSOD06_C3,low_qc_candidate,present,correct
DEMO0022,4,MSOD07,C4,MSOD07_C4,low_qc_candidate,present,incorrect
DEMO0022,5,MSOD05,C2,MSOD05_C2,low_qc_candidate,absent,incorrect
DEMO0022,6,MSOD01,C6,MSOD01_C6,high_qc_candidate,absent,incorrect
DEMO0022,7,MSOD02,C7,MSOD02_C7,high_qc_candidate,present,correct
DEMO0022,8,MSOD09,C6,MSOD09_C6,high_qc_candidate,absent,incorrect
DEMO0022,9,MSOD10,C7,MSOD10_C7,high_qc_candidate,present,correct
DEMO0022,10,MSOD08,C5,MSOD08_C5,high_qc_candidate,absent,correct
DEMO0023,1,MSOD07,C5,MSOD07_C5,high_qc_candidate,absent,correct
DEMO0023,2,MSOD02,C8,MSOD02_C8,high_qc_candidate,present,incorrect
DEMO0023,3,MSOD10,C8,MSOD10_C8,high_qc_candidate,present,incorrect
DEMO0023,4,MSOD04,C2,MSOD04_C2,low_qc_candidate,absent,incorrect
DEMO0023,5,MSOD05,C3,MSOD05_C3,low_qc_candidate,present,correct
DEMO0023,6,MSOD03,C1,MSOD03_C1,low_qc_candidate,absent,correct
DEMO0023,7,MSOD08,C6,MSOD08_C6,high_qc_candidate,absent,incorrect
DEMO0023,8,MSOD06,C4,MSOD06_C4,low_qc_candidate,present,incorrect
DEMO0023,9,MSOD01,C7,MSOD01_C7,high_qc_candidate,present,correct
DEMO0023,10,MSOD09,C7,MSOD09_C7,high_qc_candidate,present,correct
DEMO0024,1,MSOD02,C1,MSOD02_C1,low_qc_candidate,absent,correct
DEMO0024,2,MSOD06,C5,MSOD06_C5,high_qc_candidate,absent,correct
DEMO0024,3,MSOD01,C8,MSOD01_C8,high_qc_candidate,present,incorrect
DEMO0024,4,MSOD07,C6,MSOD07_C6,high_qc_candidate,absent,incorrect
DEMO0024,5,MSOD10,C1,MSOD10_C1,low_qc_candidate,absent,correct
DEMO0024,6,MSOD05,C4,MSOD05_C4,low_qc_candidate,present,incorrect
DEMO0024,7,MSOD09,C8,MSOD09_C8,high_qc_candidate,present,incorrect
DEMO0024,8,MSOD03,C2,MSOD03_C2,low_qc_candidate,absent,incorrect
DEMO0024,9,MSOD08,C7,MSOD08_C7,high_qc_candidate,present,correct
DEMO0024,10,MSOD04,C3,MSOD04_C3,low_qc_candidate,present,correct
DEMO0025,1,MSOD05,C5,MSOD05_C5,high_qc_candidate,absent,correct
DEMO0025,2,MSOD03,C3,MSOD03_C3,low_qc_candidate,present,correct
DEMO0025,3,MSOD06,C6,MSOD06_C6,high_qc_candidate,absent,incorrect
DEMO0025,4,MSOD02,C2,MSOD02_C2,low_qc_candidate,absent,incorrect
DEMO0025,5,MSOD10,C2,MSOD10_C2,low_qc_candidate,absent,incorrect
DEMO0025,6,MSOD09,C1,MSOD09_C1,low_qc_candidate,absent,correct
DEMO0025,7,MSOD04,C4,MSOD04_C4,low_qc_candidate,present,incorrect
DEMO0025,8,MSOD01,C1,MSOD01_C1,low_qc_candidate,absent,correct
DEMO0025,9,MSOD08,C8,MSOD08_C8,high_qc_candidate,present,incorrect
DEMO0025,10,MSOD07,C7,MSOD07_C7,high_qc_candidate,present,correct
DEMO0026,1,MSOD09,C2,MSOD09_C2,low_qc_candidate,absent,incorrect
DEMO0026,2,MSOD06,C7,MSOD06_C7,high_qc_candidate,present,correct
DEMO0026,3,MSOD07,C8,MSOD07_C8,high_qc_candidate,present,incorrect
DEMO0026,4,MSOD01,C2,MSOD01_C2,low_qc_candidate,absent,incorrect
DEMO0026,5,MSOD04,C5,MSOD04_C5,high_qc_candidate,absent,correct
DEMO0026,6,MSOD10,C3,MSOD10_C3,low_qc_candidate,present,correct
DEMO0026,7,MSOD02,C3,MSOD02_C3,low_qc_candidate,present,correct
DEMO0026,8,MSOD03,C4,MSOD03_C4,low_qc_candidate,present,incorrect
DEMO0026,9,MSOD05,C6,MSOD05_C6,high_qc_candidate,absent,incorrect
DEMO0026,10,MSOD08,C1,MSOD08_C1,low_qc_candidate,absent,correct
DEMO0027,1,MSOD08,C2,MSOD08_C2,low_qc_candidate,absent,incorrect
DEMO0027,2,MSOD09,C3,MSOD09_C3,low_qc_candidate,present,correct
DEMO0027,3,MSOD05,C7,MSOD05_C7,high_qc_candidate,present,correct
DEMO0027,4,MSOD10,C4,MSOD10_C4,low_qc_candidate,present,incorrect
DEMO0027,5,MSOD04,C6,MSOD04_C6,high_qc_candidate,absent,incorrect
DEMO0027,6,MSOD02,C4,MSOD02_C4,low_qc_candidate,present,incorrect
DEMO0027,7,MSOD07,C1,MSOD07_C1,low_qc_candidate,absent,correct
DEMO0027,8,MSOD06,C8,MSOD06_C8,high_qc_candidate,present,incorrect
DEMO0027,9,MSOD01,C3,MSOD01_C3,low_qc_candidate,present,correct
DEMO0027,10,MSOD03,C5,MSOD03_C5,high_qc_candidate,absent,correct
DEMO0028,1,MSOD05,C8,MSOD05_C8,high_qc_candidate,present,incorrect
DEMO0028,2,MSOD08,C3,MSOD08_C3,low_qc_candidate,present,correct
DEMO0028,3,MSOD10,C5,MSOD10_C5,high_qc_candidate,absent,correct
DEMO0028,4,MSOD09,C4,MSOD09_C4,low_qc_candidate,present,incorrect
DEMO0028,5,MSOD04,C7,MSOD04_C7,high_qc_candidate,present,correct
DEMO0028,6,MSOD07,C2,MSOD07_C2,low_qc_candidate,absent,incorrect
DEMO0028,7,MSOD06,C1,MSOD06_C1,low_qc_candidate,absent,correct
DEMO0028,8,MSOD03,C6,MSOD03_C6,high_qc_candidate,absent,incorrect
DEMO0028,9,MSOD02,C5,MSOD02_C5,high_qc_candidate,absent,correct
DEMO0028,10,MSOD01,C4,MSOD01_C4,low_qc_candidate,present,incorrect
DEMO0029,1,MSOD03,C7,MSOD03_C7,high_qc_candidate,present,correct
DEMO0029,2,MSOD05,C1,MSOD05_C1,low_qc_candidate,absent,correct
DEMO0029,3,MSOD04,C8,MSOD04_C8,high_qc_candidate,present,incorrect
DEMO0029,4,MSOD08,C4,MSOD08_C4,low_qc_candidate,present,incorrect
DEMO0029,5,MSOD10,C6,MSOD10_C6,high_qc_candidate,absent,incorrect
DEMO0029,6,MSOD06,C2,MSOD06_C2,low_qc_candidate,absent,incorrect
DEMO0029,7,MSOD02,C6,MSOD02_C6,high_qc_candidate,absent,incorrect
DEMO0029,8,MSOD07,C3,MSOD07_C3,low_qc_candidate,present,correct
DEMO0029,9,MSOD09,C5,MSOD09_C5,high_qc_candidate,absent,correct
DEMO0029,10,MSOD01,C5,MSOD01_C5,high_qc_candidate,absent,correct
DEMO0030,1,MSOD03,C8,MSOD03_C8,high_qc_candidate,present,incorrect
DEMO0030,2,MSOD01,C6,MSOD01_C6,high_qc_candidate,absent,incorrect
DEMO0030,3,MSOD08,C5,MSOD08_C5,high_qc_candidate,absent,correct
DEMO0030,4,MSOD09,C6,MSOD09_C6,high_qc_candidate,absent,incorrect
DEMO0030,5,MSOD10,C7,MSOD10_C7,high_qc_candidate,present,correct
DEMO0030,6,MSOD02,C7,MSOD02_C7,high_qc_candidate,present,correct
DEMO0030,7,MSOD04,C1,MSOD04_C1,low_qc_candidate,absent,correct
DEMO0030,8,MSOD06,C3,MSOD06_C3,low_qc_candidate,present,correct
DEMO0030,9,MSOD07,C4,MSOD07_C4,low_qc_candidate,present,incorrect
DEMO0030,10,MSOD05,C2,MSOD05_C2,low_qc_candidate,absent,incorrect
DEMO0031,1,MSOD06,C4,MSOD06_C4,low_qc_candidate,present,incorrect
DEMO0031,2,MSOD10,C8,MSOD10_C8,high_qc_candidate,present,incorrect
DEMO0031,3,MSOD02,C8,MSOD02_C8,high_qc_candidate,present,incorrect
DEMO0031,4,MSOD07,C5,MSOD07_C5,high_qc_candidate,absent,correct
DEMO0031,5,MSOD04,C2,MSOD04_C2,low_qc_candidate,absent,incorrect
DEMO0031,6,MSOD05,C3,MSOD05_C3,low_qc_candidate,present,correct
DEMO0031,7,MSOD01,C7,MSOD01_C7,high_qc_candidate,present,correct
DEMO0031,8,MSOD03,C1,MSOD03_C1,low_qc_candidate,absent,correct
DEMO0031,9,MSOD08,C6,MSOD08_C6,high_qc_candidate,absent,incorrect
DEMO0031,10,MSOD09,C7,MSOD09_C7,high_qc_candidate,present,correct
DEMO0032,1,MSOD04,C3,MSOD04_C3,low_qc_candidate,present,correct
DEMO0032,2,MSOD10,C1,MSOD10_C1,low_qc_candidate,absent,correct
DEMO0032,3,MSOD08,C7,MSOD08_C7,high_qc_candidate,present,correct
DEMO0032,4,MSOD06,C5,MSOD06_C5,high_qc_candidate,absent,correct
DEMO0032,5,MSOD05,C4,MSOD05_C4,low_qc_candidate,present,incorrect
DEMO0032,6,MSOD07,C6,MSOD07_C6,high_qc_candidate,absent,incorrect
DEMO0032,7,MSOD01,C8,MSOD01_C8,high_qc_candidate,present,incorrect
DEMO0032,8,MSOD02,C1,MSOD02_C1,low_qc_candidate,absent,correct
DEMO0032,9,MSOD03,C2,MSOD03_C2,low_qc_candidate,absent,incorrect
DEMO0032,10,MSOD09,C8,MSOD09_C8,high_qc_candidate,present,incorrect
DEMO0033,1,MSOD03,C3,MSOD03_C3,low_qc_candidate,present,correct
DEMO0033,2,MSOD09,C1,MSOD09_C1,low_qc_candidate,absent,correct
DEMO0033,3,MSOD06,C6,MSOD06_C6,high_qc_candidate,absent,incorrect
DEMO0033,4,MSOD10,C2,MSOD10_C2,low_qc_candidate,absent,incorrect
DEMO0033,5,MSOD02,C2,MSOD02_C2,low_qc_candidate,absent,incorrect
DEMO0033,6,MSOD05,C5,MSOD05_C5,high_qc_candidate,absent,correct
DEMO0033,7,MSOD04,C4,MSOD04_C4,low_qc_candidate,present,incorrect
DEMO0033,8,MSOD07,C7,MSOD07_C7,high_qc_candidate,present,correct
DEMO0033,9,MSOD01,C1,MSOD01_C1,low_qc_candidate,absent,correct
DEMO0033,10,MSOD08,C8,MSOD08_C8,high_qc_candidate,present,incorrect
DEMO0034,1,MSOD02,C3,MSOD02_C3,low_qc_candidate,present,correct
DEMO0034,2,MSOD01,C2,MSOD01_C2,low_qc_candidate,absent,incorrect
DEMO0034,3,MSOD07,C8,MSOD07_C8,high_qc_candidate,present,incorrect
DEMO0034,4,MSOD04,C5,MSOD04_C5,high_qc_candidate,absent,correct
DEMO0034,5,MSOD09,C2,MSOD09_C2,low_qc_candidate,absent,incorrect
DEMO0034,6,MSOD06,C7,MSOD06_C7,high_qc_candidate,present,correct
DEMO0034,7,MSOD08,C1,MSOD08_C1,low_qc_candidate,absent,correct
DEMO0034,8,MSOD03,C4,MSOD03_C4,low_qc_candidate,present,incorrect
DEMO0034,9,MSOD05,C6,MSOD05_C6,high_qc_candidate,absent,incorrect
DEMO0034,10,MSOD10,C3,MSOD10_C3,low_qc_candidate,present,correct
DEMO0035,1,MSOD03,C5,MSOD03_C5,high_qc_candidate,absent,correct
DEMO0035,2,MSOD01,C3,MSOD01_C3,low_qc_candidate,present,correct
DEMO0035,3,MSOD05,C7,MSOD05_C7,high_qc_candidate,present,correct
DEMO0035,4,MSOD02,C4,MSOD02_C4,low_qc_candidate,present,incorrect
DEMO0035,5,MSOD04,C6,MSOD04_C6,high_qc_candidate,absent,incorrect
DEMO0035,6,MSOD06,C8,MSOD06_C8,high_qc_candidate,present,incorrect
DEMO0035,7,MSOD10,C4,MSOD10_C4,low_qc_candidate,present,incorrect
DEMO0035,8,MSOD09,C3,MSOD09_C3,low_qc_candidate,present,correct
DEMO0035,9,MSOD08,C2,MSOD08_C2,low_qc_candidate,absent,incorrect
DEMO0035,10,MSOD07,C1,MSOD07_C1,low_qc_candidate,absent,correct
DEMO0036,1,MSOD04,C7,MSOD04_C7,high_qc_candidate,present,correct
DEMO0036,2,MSOD02,C5,MSOD02_C5,high_qc_candidate,absent,correct
DEMO0036,3,MSOD07,C2,MSOD07_C2,low_qc_candidate,absent,incorrect
DEMO0036,4,MSOD03,C6,MSOD03_C6,high_qc_candidate,absent,incorrect
DEMO0036,5,MSOD05,C8,MSOD05_C8,high_qc_candidate,present,incorrect
DEMO0036,6,MSOD10,C5,MSOD10_C5,high_qc_candidate,absent,correct
DEMO0036,7,MSOD06,C1,MSOD06_C1,low_qc_candidate,absent,correct
DEMO0036,8,MSOD08,C3,MSOD08_C3,low_qc_candidate,present,correct
DEMO0036,9,MSOD09,C4,MSOD09_C4,low_qc_candidate,present,incorrect
DEMO0036,10,MSOD01,C4,MSOD01_C4,low_qc_candidate,present,incorrect
DEMO0037,1,MSOD01,C5,MSOD01_C5,high_qc_candidate,absent,correct
DEMO0037,2,MSOD06,C2,MSOD06_C2,low_qc_candidate,absent,incorrect
DEMO0037,3,MSOD05,C1,MSOD05_C1,low_qc_candidate,absent,correct
DEMO0037,4,MSOD09,C5,MSOD09_C5,high_qc_candidate,absent,correct
DEMO0037,5,MSOD10,C6,MSOD10_C6,high_qc_candidate,absent,incorrect
DEMO0037,6,MSOD08,C4,MSOD08_C4,low_qc_candidate,present,incorrect
DEMO0037,7,MSOD04,C8,MSOD04_C8,high_qc_candidate,present,incorrect
DEMO0037,8,MSOD02,C6,MSOD02_C6,high_qc_candidate,absent,incorrect
DEMO0037,9,MSOD07,C3,MSOD07_C3,low_qc_candidate,present,correct
DEMO0037,10,MSOD03,C7,MSOD03_C7,high_qc_candidate,present,correct
DEMO0038,1,MSOD07,C4,MSOD07_C4,low_qc_candidate,present,incorrect
DEMO0038,2,MSOD01,C6,MSOD01_C6,high_qc_candidate,absent,incorrect
DEMO0038,3,MSOD06,C3,MSOD06_C3,low_qc_candidate,present,correct
DEMO0038,4,MSOD04,C1,MSOD04_C1,low_qc_candidate,absent,correct
DEMO0038,5,MSOD09,C6,MSOD09_C6,high_qc_candidate,absent,incorrect
DEMO0038,6,MSOD02,C7,MSOD02_C7,high_qc_candidate,present,correct
DEMO0038,7,MSOD05,C2,MSOD05_C2,low_qc_candidate,absent,incorrect
DEMO0038,8,MSOD08,C5,MSOD08_C5,high_qc_candidate,absent,correct
DEMO0038,9,MSOD03,C8,MSOD03_C8,high_qc_candidate,present,incorrect
DEMO0038,10,MSOD10,C7,MSOD10_C7,high_qc_candidate,present,correct
DEMO0039,1,MSOD05,C3,MSOD05_C3,low_qc_candidate,present,correct
DEMO0039,2,MSOD03,C1,MSOD03_C1,low_qc_candidate,absent,correct
DEMO0039,3,MSOD09,C7,MSOD09_C7,high_qc_candidate,present,correct
DEMO0039,4,MSOD04,C2,MSOD04_C2,low_qc_candidate,absent,incorrect
DEMO0039,5,MSOD01,C7,MSOD01_C7,high_qc_candidate,present,correct
DEMO0039,6,MSOD06,C4,MSOD06_C4,low_qc_candidate,present,incorrect
DEMO0039,7,MSOD10,C8,MSOD10_C8,high_qc_candidate,present,incorrect
DEMO0039,8,MSOD02,C8,MSOD02_C8,high_qc_candidate,present,incorrect
DEMO0039,9,MSOD08,C6,MSOD08_C6,high_qc_candidate,absent,incorrect
DEMO0039,10,MSOD07,C5,MSOD07_C5,high_qc_candidate,absent,correct
DEMO0040,1,MSOD07,C6,MSOD07_C6,high_qc_candidate,absent,incorrect
DEMO0040,2,MSOD01,C8,MSOD01_C8,high_qc_candidate,present,incorrect
DEMO0040,3,MSOD02,C1,MSOD02_C1,low_qc_candidate,absent,correct
DEMO0040,4,MSOD08,C7,MSOD08_C7,high_qc_candidate,present,correct
DEMO0040,5,MSOD03,C2,MSOD03_C2,low_qc_candidate,absent,incorrect
DEMO0040,6,MSOD06,C5,MSOD06_C5,high_qc_candidate,absent,correct
DEMO0040,7,MSOD09,C8,MSOD09_C8,high_qc_candidate,present,incorrect
DEMO0040,8,MSOD05,C4,MSOD05_C4,low_qc_candidate,present,incorrect
DEMO0040,9,MSOD04,C3,MSOD04_C3,low_qc_candidate,present,correct
DEMO0040,10,MSOD10,C1,MSOD10_C1,low_qc_candidate,absent,correct
DEMO0041,1,MSOD07,C7,MSOD07_C7,high_qc_candidate,present,correct
DEMO0041,2,MSOD01,C1,MSOD01_C1,low_qc_candidate,absent,correct
DEMO0041,3,MSOD08,C8,MSOD08_C8,high_qc_candidate,present,incorrect
DEMO0041,4,MSOD02,C2,MSOD02_C2,low_qc_candidate,absent,incorrect
DEMO0041,5,MSOD09,C1,MSOD09_C1,low_qc_candidate,absent,correct
DEMO0041,6,MSOD05,C5,MSOD05_C5,high_qc_candidate,absent,correct
DEMO0041,7,MSOD06,C6,MSOD06_C6,high_qc_candidate,absent,incorrect
DEMO0041,8,MSOD10,C2,MSOD10_C2,low_qc_candidate,absent,incorrect
DEMO0041,9,MSOD04,C4,MSOD04_C4,low_qc_candidate,present,incorrect
DEMO0041,10,MSOD03,C3,MSOD03_C3,low_qc_candidate,present,correct
DEMO0042,1,MSOD09,C2,MSOD09_C2,low_qc_candidate,absent,incorrect
DEMO0042,2,MSOD01,C2,MSOD01_C2,low_qc_candidate,absent,incorrect
DEMO0042,3,MSOD10,C3,MSOD10_C3,low_qc_candidate,present,correct
DEMO0042,4,MSOD07,C8,MSOD07_C8,high_qc_candidate,present,incorrect
DEMO0042,5,MSOD02,C3,MSOD02_C3,low_qc_candidate,present,correct
DEMO0042,6,MSOD03,C4,MSOD03_C4,low_qc_candidate,present,incorrect
DEMO0042,7,MSOD04,C5,MSOD04_C5,high_qc_candidate,absent,correct
DEMO0042,8,MSOD05,C6,MSOD05_C6,high_qc_candidate,absent,incorrect
DEMO0042,9,MSOD06,C7,MSOD06_C7,high_qc_candidate,present,correct
DEMO0042,10,MSOD08,C1,MSOD08_C1,low_qc_candidate,absent,correct
DEMO0043,1,MSOD08,C2,MSOD08_C2,low_qc_candidate,absent,incorrect
DEMO0043,2,MSOD03,C5,MSOD03_C5,high_qc_candidate,absent,correct
DEMO0043,3,MSOD04,C6,MSOD04_C6,high_qc_candidate,absent,incorrect
DEMO0043,4,MSOD05,C7,MSOD05_C7,high_qc_candidate,present,correct
DEMO0043,5,MSOD06,C8,MSOD06_C8,high_qc_candidate,present,incorrect
DEMO0043,6,MSOD10,C4,MSOD10_C4,low_qc_candidate,present,incorrect
DEMO0043,7,MSOD02,C4,MSOD02_C4,low_qc_candidate,present,incorrect
DEMO0043,8,MSOD01,C3,MSOD01_C3,low_qc_candidate,present,correct
DEMO0043,9,MSOD07,C1,MSOD07_C1,low_qc_candidate,absent,correct
DEMO0043,10,MSOD09,C3,MSOD09_C3,low_qc_candidate,present,correct
DEMO0044,1,MSOD03,C6,MSOD03_C6,high_qc_candidate,absent,incorrect
DEMO0044,2,MSOD08,C3,MSOD08_C3,low_qc_candidate,present,correct
DEMO0044,3,MSOD10,C5,MSOD10_C5,high_qc_candidate,absent,correct
DEMO0044,4,MSOD07,C2,MSOD07_C2,low_qc_candidate,absent,incorrect
DEMO0044,5,MSOD05,C8,MSOD05_C8,high_qc_candidate,present,incorrect
DEMO0044,6,MSOD06,C1,MSOD06_C1,low_qc_candidate,absent,correct
DEMO0044,7,MSOD04,C7,MSOD04_C7,high_qc_candidate,present,correct
DEMO0044,8,MSOD01,C4,MSOD01_C4,low_qc_candidate,present,incorrect
DEMO0044,9,MSOD02,C5,MSOD02_C5,high_qc_candidate,absent,correct
DEMO0044,10,MSOD09,C4,MSOD09_C4,low_qc_candidate,present,incorrect
DEMO0045,1,MSOD05,C1,MSOD05_C1,low_qc_candidate,absent,correct
DEMO0045,2,MSOD08,C4,MSOD08_C4,low_qc_candidate,present,incorrect
DEMO0045,3,MSOD06,C2,MSOD06_C2,low_qc_candidate,absent,incorrect
DEMO0045,4,MSOD07,C3,MSOD07_C3,low_qc_candidate,present,correct
DEMO0045,5,MSOD10,C6,MSOD10_C6,high_qc_candidate,absent,incorrect
DEMO0045,6,MSOD09,C5,MSOD09_C5,high_qc_candidate,absent,correct
DEMO0045,7,MSOD03,C7,MSOD03_C7,high_qc_candidate,present,correct
DEMO0045,8,MSOD01,C5,MSOD01_C5,high_qc_candidate,absent,correct
DEMO0045,9,MSOD02,C6,MSOD02_C6,high_qc_candidate,absent,incorrect
DEMO0045,10,MSOD04,C8,MSOD04_C8,high_qc_candidate,present,incorrect
DEMO0046,1,MSOD08,C5,MSOD08_C5,high_qc_candidate,absent,correct
DEMO0046,2,MSOD10,C7,MSOD10_C7,high_qc_candidate,present,correct
DEMO0046,3,MSOD05,C2,MSOD05_C2,low_qc_candidate,absent,incorrect
DEMO0046,4,MSOD02,C7,MSOD02_C7,high_qc_candidate,present,correct
DEMO0046,5,MSOD04,C1,MSOD04_C1,low_qc_candidate,absent,correct
DEMO0046,6,MSOD01,C6,MSOD01_C6,high_qc_candidate,absent,incorrect
DEMO0046,7,MSOD06,C3,MSOD06_C3,low_qc_candidate,present,correct
DEMO0046,8,MSOD09,C6,MSOD09_C6,high_qc_candidate,absent,incorrect
DEMO0046,9,MSOD03,C8,MSOD03_C8,high_qc_candidate,present,incorrect
DEMO0046,10,MSOD07,C4,MSOD07_C4,low_qc_candidate,present,incorrect
DEMO0047,1,MSOD10,C8,MSOD10_C8,high_qc_candidate,present,incorrect
DEMO0047,2,MSOD08,C6,MSOD08_C6,high_qc_candidate,absent,incorrect
DEMO0047,3,MSOD05,C3,MSOD05_C3,low_qc_candidate,present,correct
DEMO0047,4,MSOD03,C1,MSOD03_C1,low_qc_candidate,absent,correct
DEMO0047,5,MSOD02,C8,MSOD02_C8,high_qc_candidate,present,incorrect
DEMO0047,6,MSOD04,C2,MSOD04_C2,low_qc_candidate,absent,incorrect
DEMO0047,7,MSOD01,C7,MSOD01_C7,high_qc_candidate,present,correct
DEMO0047,8,MSOD07,C5,MSOD07_C5,high_qc_candidate,absent,correct
DEMO0047,9,MSOD09,C7,MSOD09_C7,high_qc_candidate,present,correct
DEMO0047,10,MSOD06,C4,MSOD06_C4,low_qc_candidate,present,incorrect
DEMO0048,1,MSOD10,C1,MSOD10_C1,low_qc_candidate,absent,correct
DEMO0048,2,MSOD08,C7,MSOD08_C7,high_qc_candidate,present,correct
DEMO0048,3,MSOD06,C5,MSOD06_C5,high_qc_candidate,absent,correct
DEMO0048,4,MSOD01,C8,MSOD01_C8,high_qc_candidate,present,incorrect
DEMO0048,5,MSOD05,C4,MSOD05_C4,low_qc_candidate,present,incorrect
DEMO0048,6,MSOD04,C3,MSOD04_C3,low_qc_candidate,present,correct
DEMO0048,7,MSOD03,C2,MSOD03_C2,low_qc_candidate,absent,incorrect
DEMO0048,8,MSOD09,C8,MSOD09_C8,high_qc_candidate,present,incorrect
DEMO0048,9,MSOD02,C1,MSOD02_C1,low_qc_candidate,absent,correct
DEMO0048,10,MSOD07,C6,MSOD07_C6,high_qc_candidate,absent,incorrect
DEMO0049,1,MSOD04,C4,MSOD04_C4,low_qc_candidate,present,incorrect
DEMO0049,2,MSOD01,C1,MSOD01_C1,low_qc_candidate,absent,correct
DEMO0049,3,MSOD06,C6,MSOD06_C6,high_qc_candidate,absent,incorrect
DEMO0049,4,MSOD09,C1,MSOD09_C1,low_qc_candidate,absent,correct
DEMO0049,5,MSOD07,C7,MSOD07_C7,high_qc_candidate,present,correct
DEMO0049,6,MSOD03,C3,MSOD03_C3,low_qc_candidate,present,correct
DEMO0049,7,MSOD08,C8,MSOD08_C8,high_qc_candidate,present,incorrect
DEMO0049,8,MSOD02,C2,MSOD02_C2,low_qc_candidate,absent,incorrect
DEMO0049,9,MSOD05,C5,MSOD05_C5,high_qc_candidate,absent,correct
DEMO0049,10,MSOD10,C2,MSOD10_C2,low_qc_candidate,absent,incorrect
DEMO0050,1,MSOD02,C3,MSOD02_C3,low_qc_candidate,present,correct
DEMO0050,2,MSOD05,C6,MSOD05_C6,high_qc_candidate,absent,incorrect
DEMO0050,3,MSOD09,C2,MSOD09_C2,low_qc_candidate,absent,incorrect
DEMO0050,4,MSOD01,C2,MSOD01_C2,low_qc_candidate,absent,incorrect
DEMO0050,5,MSOD06,C7,MSOD06_C7,high_qc_candidate,present,correct
DEMO0050,6,MSOD10,C3,MSOD10_C3,low_qc_candidate,present,correct
DEMO0050,7,MSOD04,C5,MSOD04_C5,high_qc_candidate,absent,correct
DEMO0050,8,MSOD03,C4,MSOD03_C4,low_qc_candidate,present,incorrect
DEMO0050,9,MSOD08,C1,MSOD08_C1,low_qc_candidate,absent,correct
DEMO0050,10,MSOD07,C8,MSOD07_C8,high_qc_candidate,present,incorrect
DEMO0051,1,MSOD09,C3,MSOD09_C3,low_qc_candidate,present,correct
DEMO0051,2,MSOD01,C3,MSOD01_C3,low_qc_candidate,present,correct
DEMO0051,3,MSOD06,C8,MSOD06_C8,high_qc_candidate,present,incorrect
DEMO0051,4,MSOD07,C1,MSOD07_C1,low_qc_candidate,absent,correct
DEMO0051,5,MSOD02,C4,MSOD02_C4,low_qc_candidate,present,incorrect
DEMO0051,6,MSOD08,C2,MSOD08_C2,low_qc_candidate,absent,incorrect
DEMO0051,7,MSOD03,C5,MSOD03_C5,high_qc_candidate,absent,correct
DEMO0051,8,MSOD05,C7,MSOD05_C7,high_qc_candidate,present,correct
DEMO0051,9,MSOD04,C6,MSOD04_C6,high_qc_candidate,absent,incorrect
DEMO0051,10,MSOD10,C4,MSOD10_C4,low_qc_candidate,present,incorrect
DEMO0052,1,MSOD07,C2,MSOD07_C2,low_qc_candidate,absent,incorrect
DEMO0052,2,MSOD02,C5,MSOD02_C5,high_qc_candidate,absent,correct
DEMO0052,3,MSOD05,C8,MSOD05_C8,high_qc_candidate,present,incorrect
DEMO0052,4,MSOD06,C1,MSOD06_C1,low_qc_candidate,absent,correct
DEMO0052,5,MSOD09,C4,MSOD09_C4,low_qc_candidate,present,incorrect
DEMO0052,6,MSOD03,C6,MSOD03_C6,high_qc_candidate,absent,incorrect
DEMO0052,7,MSOD10,C5,MSOD10_C5,high_qc_candidate,absent,correct
DEMO0052,8,MSOD04,C7,MSOD04_C7,high_qc_candidate,present,correct
DEMO0052,9,MSOD01,C4,MSOD01_C4,low_qc_candidate,present,incorrect
DEMO0052,10,MSOD08,C3,MSOD08_C3,low_qc_candidate,present,correct
DEMO0053,1,MSOD03,C7,MSOD03_C7,high_qc_candidate,present,correct
DEMO0053,2,MSOD01,C5,MSOD01_C5,high_qc_candidate,absent,correct
DEMO0053,3,MSOD08,C4,MSOD08_C4,low_qc_candidate,present,incorrect
DEMO0053,4,MSOD10,C6,MSOD10_C6,high_qc_candidate,absent,incorrect
DEMO0053,5,MSOD07,C3,MSOD07_C3,low_qc_candidate,present,correct
DEMO0053,6,MSOD02,C6,MSOD02_C6,high_qc_candidate,absent,incorrect
DEMO0053,7,MSOD09,C5,MSOD09_C5,high_qc_candidate,absent,correct
DEMO0053,8,MSOD04,C8,MSOD04_C8,high_qc_candidate,present,incorrect
DEMO0053,9,MSOD05,C1,MSOD05_C1,low_qc_candidate,absent,correct
DEMO0053,10,MSOD06,C2,MSOD06_C2,low_qc_candidate,absent,incorrect
DEMO0054,1,MSOD08,C5,MSOD08_C5,high_qc_candidate,absent,correct
DEMO0054,2,MSOD09,C6,MSOD09_C6,high_qc_candidate,absent,incorrect
DEMO0054,3,MSOD07,C4,MSOD07_C4,low_qc_candidate,present,incorrect
DEMO0054,4,MSOD01,C6,MSOD01_C6,high_qc_candidate,absent,incorrect
DEMO0054,5,MSOD03,C8,MSOD03_C8,high_qc_candidate,present,incorrect
DEMO0054,6,MSOD05,C2,MSOD05_C2,low_qc_candidate,absent,incorrect
DEMO0054,7,MSOD10,C7,MSOD10_C7,high_qc_candidate,present,correct
DEMO0054,8,MSOD04,C1,MSOD04_C1,low_qc_candidate,absent,correct
DEMO0054,9,MSOD06,C3,MSOD06_C3,low_qc_candidate,present,correct
DEMO0054,10,MSOD02,C7,MSOD02_C7,high_qc_candidate,present,correct
DEMO0055,1,MSOD10,C8,MSOD10_C8,high_qc_candidate,present,incorrect
DEMO0055,2,MSOD03,C1,MSOD03_C1,low_qc_candidate,absent,correct
DEMO0055,3,MSOD04,C2,MSOD04_C2,low_qc_candidate,absent,incorrect
DEMO0055,4,MSOD01,C7,MSOD01_C7,high_qc_candidate,present,correct
DEMO0055,5,MSOD06,C4,MSOD06_C4,low_qc_candidate,present,incorrect
DEMO0055,6,MSOD08,C6,MSOD08_C6,high_qc_candidate,absent,incorrect
DEMO0055,7,MSOD09,C7,MSOD09_C7,high_qc_candidate,present,correct
DEMO0055,8,MSOD05,C3,MSOD05_C3,low_qc_candidate,present,correct
DEMO0055,9,MSOD02,C8,MSOD02_C8,high_qc_candidate,present,incorrect
DEMO0055,10,MSOD07,C5,MSOD07_C5,high_qc_candidate,absent,correct
DEMO0056,1,MSOD07,C6,MSOD07_C6,high_qc_candidate,absent,incorrect
DEMO0056,2,MSOD10,C1,MSOD10_C1,low_qc_candidate,absent,correct
DEMO0056,3,MSOD05,C4,MSOD05_C4,low_qc_candidate,present,incorrect
DEMO0056,4,MSOD01,C8,MSOD01_C8,high_qc_candidate,present,incorrect
DEMO0056,5,MSOD04,C3,MSOD04_C3,low_qc_candidate,present,correct
DEMO0056,6,MSOD02,C1,MSOD02_C1,low_qc_candidate,absent,correct
DEMO0056,7,MSOD09,C8,MSOD09_C8,high_qc_candidate,present,incorrect
DEMO0056,8,MSOD03,C2,MSOD03_C2,low_qc_candidate,absent,incorrect
DEMO0056,9,MSOD08,C7,MSOD08_C7,high_qc_candidate,present,correct
DEMO0056,10,MSOD06,C5,MSOD06_C5,high_qc_candidate,absent,correct
DEMO0057,1,MSOD07,C7,MSOD07_C7,high_qc_candidate,present,correct
DEMO0057,2,MSOD09,C1,MSOD09_C1,low_qc_candidate,absent,correct
DEMO0057,3,MSOD04,C4,MSOD04_C4,low_qc_candidate,present,incorrect
DEMO0057,4,MSOD05,C5,MSOD05_C5,high_qc_candidate,absent,correct
DEMO0057,5,MSOD08,C8,MSOD08_C8,high_qc_candidate,present,incorrect
DEMO0057,6,MSOD03,C3,MSOD03_C3,low_qc_candidate,present,correct
DEMO0057,7,MSOD02,C2,MSOD02_C2,low_qc_candidate,absent,incorrect
DEMO0057,8,MSOD10,C2,MSOD10_C2,low_qc_candidate,absent,incorrect
DEMO0057,9,MSOD01,C1,MSOD01_C1,low_qc_candidate,absent,correct
DEMO0057,10,MSOD06,C6,MSOD06_C6,high_qc_candidate,absent,incorrect
DEMO0058,1,MSOD10,C3,MSOD10_C3,low_qc_candidate,present,correct
DEMO0058,2,MSOD06,C7,MSOD06_C7,high_qc_candidate,present,correct
DEMO0058,3,MSOD09,C2,MSOD09_C2,low_qc_candidate,absent,incorrect
DEMO0058,4,MSOD08,C1,MSOD08_C1,low_qc_candidate,absent,correct
DEMO0058,5,MSOD07,C8,MSOD07_C8,high_qc_candidate,present,incorrect
DEMO0058,6,MSOD04,C5,MSOD04_C5,high_qc_candidate,absent,correct
DEMO0058,7,MSOD05,C6,MSOD05_C6,high_qc_candidate,absent,incorrect
DEMO0058,8,MSOD02,C3,MSOD02_C3,low_qc_candidate,present,correct
DEMO0058,9,MSOD01,C2,MSOD01_C2,low_qc_candidate,absent,incorrect
DEMO0058,10,MSOD03,C4,MSOD03_C4,low_qc_candidate,present,incorrect
DEMO0059,1,MSOD04,C6,MSOD04_C6,high_qc_candidate,absent,incorrect
DEMO0059,2,MSOD06,C8,MSOD06_C8,high_qc_candidate,present,incorrect
DEMO0059,3,MSOD03,C5,MSOD03_C5,high_qc_candidate,absent,correct
DEMO0059,4,MSOD02,C4,MSOD02_C4,low_qc_candidate,present,incorrect
DEMO0059,5,MSOD01,C3,MSOD01_C3,low_qc_candidate,present,correct
DEMO0059,6,MSOD10,C4,MSOD10_C4,low_qc_candidate,present,incorrect
DEMO0059,7,MSOD09,C3,MSOD09_C3,low_qc_candidate,present,correct
DEMO0059,8,MSOD08,C2,MSOD08_C2,low_qc_candidate,absent,incorrect
DEMO0059,9,MSOD07,C1,MSOD07_C1,low_qc_candidate,absent,correct
DEMO0059,10,MSOD05,C7,MSOD05_C7,high_qc_candidate,present,correct
DEMO0060,1,MSOD09,C4,MSOD09_C4,low_qc_candidate,present,incorrect
DEMO0060,2,MSOD08,C3,MSOD08_C3,low_qc_candidate,present,correct
DEMO0060,3,MSOD10,C5,MSOD10_C5,high_qc_candidate,absent,correct
DEMO0060,4,MSOD03,C6,MSOD03_C6,high_qc_candidate,absent,incorrect
DEMO0060,5,MSOD04,C7,MSOD04_C7,high_qc_candidate,present,correct
DEMO0060,6,MSOD05,C8,MSOD05_C8,high_qc_candidate,present,incorrect
DEMO0060,7,MSOD07,C2,MSOD07_C2,low_qc_candidate,absent,incorrect
DEMO0060,8,MSOD02,C5,MSOD02_C5,high_qc_candidate,absent,correct
DEMO0060,9,MSOD06,C1,MSOD06_C1,low_qc_candidate,absent,correct
DEMO0060,10,MSOD01,C4,MSOD01_C4,low_qc_candidate,present,incorrect
DEMO0061,1,MSOD09,C5,MSOD09_C5,high_qc_candidate,absent,correct
DEMO0061,2,MSOD01,C5,MSOD01_C5,high_qc_candidate,absent,correct
DEMO0061,3,MSOD10,C6,MSOD10_C6,high_qc_candidate,absent,incorrect
DEMO0061,4,MSOD03,C7,MSOD03_C7,high_qc_candidate,present,correct
DEMO0061,5,MSOD02,C6,MSOD02_C6,high_qc_candidate,absent,incorrect
DEMO0061,6,MSOD05,C1,MSOD05_C1,low_qc_candidate,absent,correct
DEMO0061,7,MSOD08,C4,MSOD08_C4,low_qc_candidate,present,incorrect
DEMO0061,8,MSOD04,C8,MSOD04_C8,high_qc_candidate,present,incorrect
DEMO0061,9,MSOD06,C2,MSOD06_C2,low_qc_candidate,absent,incorrect
DEMO0061,10,MSOD07,C3,MSOD07_C3,low_qc_candidate,present,correct
DEMO0062,1,MSOD02,C7,MSOD02_C7,high_qc_candidate,present,correct
DEMO0062,2,MSOD10,C7,MSOD10_C7,high_qc_candidate,present,correct
DEMO0062,3,MSOD07,C4,MSOD07_C4,low_qc_candidate,present,incorrect
DEMO0062,4,MSOD05,C2,MSOD05_C2,low_qc_candidate,absent,incorrect
DEMO0062,5,MSOD09,C6,MSOD09_C6,high_qc_candidate,absent,incorrect
DEMO0062,6,MSOD04,C1,MSOD04_C1,low_qc_candidate,absent,correct
DEMO0062,7,MSOD06,C3,MSOD06_C3,low_qc_candidate,present,correct
DEMO0062,8,MSOD03,C8,MSOD03_C8,high_qc_candidate,present,incorrect
DEMO0062,9,MSOD08,C5,MSOD08_C5,high_qc_candidate,absent,correct
DEMO0062,10,MSOD01,C6,MSOD01_C6,high_qc_candidate,absent,incorrect
DEMO0063,1,MSOD05,C3,MSOD05_C3,low_qc_candidate,present,correct
DEMO0063,2,MSOD03,C1,MSOD03_C1,low_qc_candidate,absent,correct
DEMO0063,3,MSOD08,C6,MSOD08_C6,high_qc_candidate,absent,incorrect
DEMO0063,4,MSOD10,C8,MSOD10_C8,high_qc_candidate,present,incorrect
DEMO0063,5,MSOD07,C5,MSOD07_C5,high_qc_candidate,absent,correct
DEMO0063,6,MSOD06,C4,MSOD06_C4,low_qc_candidate,present,incorrect
DEMO0063,7,MSOD01,C7,MSOD01_C7,high_qc_candidate,present,correct
DEMO0063,8,MSOD02,C8,MSOD02_C8,high_qc_candidate,present,incorrect
DEMO0063,9,MSOD04,C2,MSOD04_C2,low_qc_candidate,absent,incorrect
DEMO0063,10,MSOD09,C7,MSOD09_C7,high_qc_candidate,present,correct
DEMO0064,1,MSOD07,C6,MSOD07_C6,high_qc_candidate,absent,incorrect
DEMO0064,2,MSOD02,C1,MSOD02_C1,low_qc_candidate,absent,correct
DEMO0064,3,MSOD05,C4,MSOD05_C4,low_qc_candidate,present,incorrect
DEMO0064,4,MSOD06,C5,MSOD06_C5,high_qc_candidate,absent,correct
DEMO0064,5,MSOD09,C8,MSOD09_C8,high_qc_candidate,present,incorrect
DEMO0064,6,MSOD03,C2,MSOD03_C2,low_qc_candidate,absent,incorrect
DEMO0064,7,MSOD01,C8,MSOD01_C8,high_qc_candidate,present,incorrect
DEMO0064,8,MSOD08,C7,MSOD08_C7,high_qc_candidate,present,correct
DEMO0064,9,MSOD04,C3,MSOD04_C3,low_qc_candidate,present,correct
DEMO0064,10,MSOD10,C1,MSOD10_C1,low_qc_candidate,absent,correct
DEMO0065,1,MSOD06,C6,MSOD06_C6,high_qc_candidate,absent,incorrect
DEMO0065,2,MSOD03,C3,MSOD03_C3,low_qc_candidate,present,correct
DEMO0065,3,MSOD08,C8,MSOD08_C8,high_qc_candidate,present,incorrect
DEMO0065,4,MSOD09,C1,MSOD09_C1,low_qc_candidate,absent,correct
DEMO0065,5,MSOD05,C5,MSOD05_C5,high_qc_candidate,absent,correct
DEMO0065,6,MSOD02,C2,MSOD02_C2,low_qc_candidate,absent,incorrect
DEMO0065,7,MSOD04,C4,MSOD04_C4,low_qc_candidate,present,incorrect
DEMO0065,8,MSOD10,C2,MSOD10_C2,low_qc_candidate,absent,incorrect
DEMO0065,9,MSOD01,C1,MSOD01_C1,low_qc_candidate,absent,correct
DEMO0065,10,MSOD07,C7,MSOD07_C7,high_qc_candidate,present,correct
DEMO0066,1,MSOD09,C2,MSOD09_C2,low_qc_candidate,absent,incorrect
DEMO0066,2,MSOD05,C6,MSOD05_C6,high_qc_candidate,absent,incorrect
DEMO0066,3,MSOD06,C7,MSOD06_C7,high_qc_candidate,present,correct
DEMO0066,4,MSOD03,C4,MSOD03_C4,low_qc_candidate,present,incorrect
DEMO0066,5,MSOD07,C8,MSOD07_C8,high_qc_candidate,present,incorrect
DEMO0066,6,MSOD04,C5,MSOD04_C5,high_qc_candidate,absent,correct
DEMO0066,7,MSOD08,C1,MSOD08_C1,low_qc_candidate,absent,correct
DEMO0066,8,MSOD02,C3,MSOD02_C3,low_qc_candidate,present,correct
DEMO0066,9,MSOD01,C2,MSOD01_C2,low_qc_candidate,absent,incorrect
DEMO0066,10,MSOD10,C3,MSOD10_C3,low_qc_candidate,present,correct
DEMO0067,1,MSOD03,C5,MSOD03_C5,high_qc_candidate,absent,correct
DEMO0067,2,MSOD05,C7,MSOD05_C7,high_qc_candidate,present,correct
DEMO0067,3,MSOD10,C4,MSOD10_C4,low_qc_candidate,present,incorrect
DEMO0067,4,MSOD09,C3,MSOD09_C3,low_qc_candidate,present,correct
DEMO0067,5,MSOD07,C1,MSOD07_C1,low_qc_candidate,absent,correct
DEMO0067,6,MSOD01,C3,MSOD01_C3,low_qc_candidate,present,correct
DEMO0067,7,MSOD06,C8,MSOD06_C8,high_qc_candidate,present,incorrect
DEMO0067,8,MSOD02,C4,MSOD02_C4,low_qc_candidate,present,incorrect
DEMO0067,9,MSOD04,C6,MSOD04_C6,high_qc_candidate,absent,incorrect
DEMO0067,10,MSOD08,C2,MSOD08_C2,low_qc_candidate,absent,incorrect
DEMO0068,1,MSOD10,C5,MSOD10_C5,high_qc_candidate,absent,correct
DEMO0068,2,MSOD01,C4,MSOD01_C4,low_qc_candidate,present,incorrect
DEMO0068,3,MSOD09,C4,MSOD09_C4,low_qc_candidate,present,incorrect
DEMO0068,4,MSOD05,C8,MSOD05_C8,high_qc_candidate,present,incorrect
DEMO0068,5,MSOD04,C7,MSOD04_C7,high_qc_candidate,present,correct
DEMO0068,6,MSOD06,C1,MSOD06_C1,low_qc_candidate,absent,correct
DEMO0068,7,MSOD08,C3,MSOD08_C3,low_qc_candidate,present,correct
DEMO0068,8,MSOD02,C5,MSOD02_C5,high_qc_candidate,absent,correct
DEMO0068,9,MSOD03,C6,MSOD03_C6,high_qc_candidate,absent,incorrect
DEMO0068,10,MSOD07,C2,MSOD07_C2,low_qc_candidate,absent,incorrect
DEMO0069,1,MSOD07,C3,MSOD07_C3,low_qc_candidate,present,correct
DEMO0069,2,MSOD05,C1,MSOD05_C1,low_qc_candidate,absent,correct
DEMO0069,3,MSOD08,C4,MSOD08_C4,low_qc_candidate,present,incorrect
DEMO0069,4,MSOD04,C8,MSOD04_C8,high_qc_candidate,present,incorrect
DEMO0069,5,MSOD03,C7,MSOD03_C7,high_qc_candidate,present,correct
DEMO0069,6,MSOD10,C6,MSOD10_C6,high_qc_candidate,absent,incorrect
DEMO0069,7,MSOD09,C5,MSOD09_C5,high_qc_candidate,absent,correct
DEMO0069,8,MSOD06,C2,MSOD06_C2,low_qc_candidate,absent,incorrect
DEMO0069,9,MSOD02,C6,MSOD02_C6,high_qc_candidate,absent,incorrect
DEMO0069,10,MSOD01,C5,MSOD01_C5,high_qc_candidate,absent,correct
DEMO0070,1,MSOD02,C7,MSOD02_C7,high_qc_candidate,present,correct
DEMO0070,2,MSOD07,C4,MSOD07_C4,low_qc_candidate,present,incorrect
DEMO0070,3,MSOD01,C6,MSOD01_C6,high_qc_candidate,absent,incorrect
DEMO0070,4,MSOD03,C8,MSOD03_C8,high_qc_candidate,present,incorrect
DEMO0070,5,MSOD04,C1,MSOD04_C1,low_qc_candidate,absent,correct
DEMO0070,6,MSOD06,C3,MSOD06_C3,low_qc_candidate,present,correct
DEMO0070,7,MSOD10,C7,MSOD10_C7,high_qc_candidate,present,correct
DEMO0070,8,MSOD09,C6,MSOD09_C6,high_qc_candidate,absent,incorrect
DEMO0070,9,MSOD08,C5,MSOD08_C5,high_qc_candidate,absent,correct
DEMO0070,10,MSOD05,C2,MSOD05_C2,low_qc_candidate,absent,incorrect
DEMO0071,1,MSOD05,C3,MSOD05_C3,low_qc_candidate,present,correct
DEMO0071,2,MSOD01,C7,MSOD01_C7,high_qc_candidate,present,correct
DEMO0071,3,MSOD08,C6,MSOD08_C6,high_qc_candidate,absent,incorrect
DEMO0071,4,MSOD07,C5,MSOD07_C5,high_qc_candidate,absent,correct
DEMO0071,5,MSOD04,C2,MSOD04_C2,low_qc_candidate,absent,incorrect
DEMO0071,6,MSOD06,C4,MSOD06_C4,low_qc_candidate,present,incorrect
DEMO0071,7,MSOD10,C8,MSOD10_C8,high_qc_candidate,present,incorrect
DEMO0071,8,MSOD02,C8,MSOD02_C8,high_qc_candidate,present,incorrect
DEMO0071,9,MSOD03,C1,MSOD03_C1,low_qc_candidate,absent,correct
DEMO0071,10,MSOD09,C7,MSOD09_C7,high_qc_candidate,present,correct
DEMO0072,1,MSOD05,C4,MSOD05_C4,low_qc_candidate,present,incorrect
DEMO0072,2,MSOD02,C1,MSOD02_C1,low_qc_candidate,absent,correct
DEMO0072,3,MSOD08,C7,MSOD08_C7,high_qc_candidate,present,correct
DEMO0072,4,MSOD03,C2,MSOD03_C2,low_qc_candidate,absent,incorrect
DEMO0072,5,MSOD07,C6,MSOD07_C6,high_qc_candidate,absent,incorrect
DEMO0072,6,MSOD04,C3,MSOD04_C3,low_qc_candidate,present,correct
DEMO0072,7,MSOD10,C1,MSOD10_C1,low_qc_candidate,absent,correct
DEMO0072,8,MSOD09,C8,MSOD09_C8,high_qc_candidate,present,incorrect
DEMO0072,9,MSOD06,C5,MSOD06_C5,high_qc_candidate,absent,correct
DEMO0072,10,MSOD01,C8,MSOD01_C8,high_qc_candidate,present,incorrect
DEMO0073,1,MSOD04,C4,MSOD04_C4,low_qc_candidate,present,incorrect
DEMO0073,2,MSOD08,C8,MSOD08_C8,high_qc_candidate,present,incorrect
DEMO0073,3,MSOD10,C2,MSOD10_C2,low_qc_candidate,absent,incorrect
DEMO0073,4,MSOD03,C3,MSOD03_C3,low_qc_candidate,present,correct
DEMO0073,5,MSOD05,C5,MSOD05_C5,high_qc_candidate,absent,correct
DEMO0073,6,MSOD02,C2,MSOD02_C2,low_qc_candidate,absent,incorrect
DEMO0073,7,MSOD01,C1,MSOD01_C1,low_qc_candidate,absent,correct
DEMO0073,8,MSOD07,C7,MSOD07_C7,high_qc_candidate,present,correct
DEMO0073,9,MSOD09,C1,MSOD09_C1,low_qc_candidate,absent,correct
DEMO0073,10,MSOD06,C6,MSOD06_C6,high_qc_candidate,absent,incorrect
DEMO0074,1,MSOD07,C8,MSOD07_C8,high_qc_candidate,present,incorrect
DEMO0074,2,MSOD05,C6,MSOD05_C6,high_qc_candidate,absent,incorrect
DEMO0074,3,MSOD10,C3,MSOD10_C3,low_qc_candidate,present,correct
DEMO0074,4,MSOD02,C3,MSOD02_C3,low_qc_candidate,present,correct
DEMO0074,5,MSOD03,C4,MSOD03_C4,low_qc_candidate,present,incorrect
DEMO0074,6,MSOD09,C2,MSOD09_C2,low_qc_candidate,absent,incorrect
DEMO0074,7,MSOD06,C7,MSOD06_C7,high_qc_candidate,present,correct
DEMO0074,8,MSOD04,C5,MSOD04_C5,high_qc_candidate,absent,correct
DEMO0074,9,MSOD08,C1,MSOD08_C1,low_qc_candidate,absent,correct
DEMO0074,10,MSOD01,C2,MSOD01_C2,low_qc_candidate,absent,incorrect
DEMO0075,1,MSOD01,C3,MSOD01_C3,low_qc_candidate,present,correct
DEMO0075,2,MSOD06,C8,MSOD06_C8,high_qc_candidate,present,incorrect
DEMO0075,3,MSOD07,C1,MSOD07_C1,low_qc_candidate,absent,correct
DEMO0075,4,MSOD10,C4,MSOD10_C4,low_qc_candidate,present,incorrect
DEMO0075,5,MSOD04,C6,MSOD04_C6,high_qc_candidate,absent,incorrect
DEMO0075,6,MSOD05,C7,MSOD05_C7,high_qc_candidate,present,correct
DEMO0075,7,MSOD02,C4,MSOD02_C4,low_qc_candidate,present,incorrect
DEMO0075,8,MSOD09,C3,MSOD09_C3,low_qc_candidate,present,correct
DEMO0075,9,MSOD03,C5,MSOD03_C5,high_qc_candidate,absent,correct
DEMO0075,10,MSOD08,C2,MSOD08_C2,low_qc_candidate,absent,incorrect
DEMO0076,1,MSOD03,C6,MSOD03_C6,high_qc_candidate,absent,incorrect
DEMO0076,2,MSOD07,C2,MSOD07_C2,low_qc_candidate,absent,incorrect
DEMO0076,3,MSOD10,C5,MSOD10_C5,high_qc_candidate,absent,correct
DEMO0076,4,MSOD04,C7,MSOD04_C7,high_qc_candidate,present,correct
DEMO0076,5,MSOD02,C5,MSOD02_C5,high_qc_candidate,absent,correct
DEMO0076,6,MSOD08,C3,MSOD08_C3,low_qc_candidate,present,correct
DEMO0076,7,MSOD06,C1,MSOD06_C1,low_qc_candidate,absent,correct
DEMO0076,8,MSOD05,C8,MSOD05_C8,high_qc_candidate,present,incorrect
DEMO0076,9,MSOD09,C4,MSOD09_C4,low_qc_candidate,present,incorrect
DEMO0076,10,MSOD01,C4,MSOD01_C4,low_qc_candidate,present,incorrect
DEMO0077,1,MSOD07,C3,MSOD07_C3,low_qc_candidate,present,correct
DEMO0077,2,MSOD06,C2,MSOD06_C2,low_qc_candidate,absent,incorrect
DEMO0077,3,MSOD03,C7,MSOD03_C7,high_qc_candidate,present,correct
DEMO0077,4,MSOD10,C6,MSOD10_C6,high_qc_candidate,absent,incorrect
DEMO0077,5,MSOD01,C5,MSOD01_C5,high_qc_candidate,absent,correct
DEMO0077,6,MSOD08,C4,MSOD08_C4,low_qc_candidate,present,incorrect
DEMO0077,7,MSOD09,C5,MSOD09_C5,high_qc_candidate,absent,correct
DEMO0077,8,MSOD02,C6,MSOD02_C6,high_qc_candidate,absent,incorrect
DEMO0077,9,MSOD05,C1,MSOD05_C1,low_qc_candidate,absent,correct
DEMO0077,10,MSOD04,C8,MSOD04_C8,high_qc_candidate,present,incorrect
DEMO0078,1,MSOD09,C6,MSOD09_C6,high_qc_candidate,absent,incorrect
DEMO0078,2,MSOD10,C7,MSOD10_C7,high_qc_candidate,present,correct
DEMO0078,3,MSOD04,C1,MSOD04_C1,low_qc_candidate,absent,correct
DEMO0078,4,MSOD01,C6,MSOD01_C6,high_qc_candidate,absent,incorrect
DEMO0078,5,MSOD08,C5,MSOD08_C5,high_qc_candidate,absent,correct
DEMO0078,6,MSOD07,C4,MSOD07_C4,low_qc_candidate,present,incorrect
DEMO0078,7,MSOD03,C8,MSOD03_C8,high_qc_candidate,present,incorrect
DEMO0078,8,MSOD05,C2,MSOD05_C2,low_qc_candidate,absent,incorrect
DEMO0078,9,MSOD06,C3,MSOD06_C3,low_qc_candidate,present,correct
DEMO0078,10,MSOD02,C7,MSOD02_C7,high_qc_candidate,present,correct
DEMO0079,1,MSOD06,C4,MSOD06_C4,low_qc_candidate,present,incorrect
DEMO0079,2,MSOD09,C7,MSOD09_C7,high_qc_candidate,present,correct
DEMO0079,3,MSOD08,C6,MSOD08_C6,high_qc_candidate,absent,incorrect
DEMO0079,4,MSOD02,C8,MSOD02_C8,high_qc_candidate,present,incorrect
DEMO0079,5,MSOD10,C8,MSOD10_C8,high_qc_candidate,present,incorrect
DEMO0079,6,MSOD01,C7,MSOD01_C7,high_qc_candidate,present,correct
DEMO0079,7,MSOD07,C5,MSOD07_C5,high_qc_candidate,absent,correct
DEMO0079,8,MSOD05,C3,MSOD05_C3,low_qc_candidate,present,correct
DEMO0079,9,MSOD03,C1,MSOD03_C1,low_qc_candidate,absent,correct
DEMO0079,10,MSOD04,C2,MSOD04_C2,low_qc_candidate,absent,incorrect
DEMO0080,1,MSOD06,C5,MSOD06_C5,high_qc_candidate,absent,correct
DEMO0080,2,MSOD10,C1,MSOD10_C1,low_qc_candidate,absent,correct
DEMO0080,3,MSOD05,C4,MSOD05_C4,low_qc_candidate,present,incorrect
DEMO0080,4,MSOD09,C8,MSOD09_C8,high_qc_candidate,present,incorrect
DEMO0080,5,MSOD07,C6,MSOD07_C6,high_qc_candidate,absent,incorrect
DEMO0080,6,MSOD03,C2,MSOD03_C2,low_qc_candidate,absent,incorrect
DEMO0080,7,MSOD04,C3,MSOD04_C3,low_qc_candidate,present,correct
DEMO0080,8,MSOD01,C8,MSOD01_C8,high_qc_candidate,present,incorrect
DEMO0080,9,MSOD02,C1,MSOD02_C1,low_qc_candidate,absent,correct
DEMO0080,10,MSOD08,C7,MSOD08_C7,high_qc_candidate,present,correct
DEMO0081,1,MSOD10,C2,MSOD10_C2,low_qc_candidate,absent,incorrect
DEMO0081,2,MSOD06,C6,MSOD06_C6,high_qc_candidate,absent,incorrect
DEMO0081,3,MSOD03,C3,MSOD03_C3,low_qc_candidate,present,correct
DEMO0081,4,MSOD04,C4,MSOD04_C4,low_qc_candidate,present,incorrect
DEMO0081,5,MSOD02,C2,MSOD02_C2,low_qc_candidate,absent,incorrect
DEMO0081,6,MSOD05,C5,MSOD05_C5,high_qc_candidate,absent,correct
DEMO0081,7,MSOD09,C1,MSOD09_C1,low_qc_candidate,absent,correct
DEMO0081,8,MSOD01,C1,MSOD01_C1,low_qc_candidate,absent,correct
DEMO0081,9,MSOD08,C8,MSOD08_C8,high_qc_candidate,present,incorrect
DEMO0081,10,MSOD07,C7,MSOD07_C7,high_qc_candidate,present,correct
DEMO0082,1,MSOD09,C2,MSOD09_C2,low_qc_candidate,absent,incorrect
DEMO0082,2,MSOD08,C1,MSOD08_C1,low_qc_candidate,absent,correct
DEMO0082,3,MSOD01,C2,MSOD01_C2,low_qc_candidate,absent,incorrect
DEMO0082,4,MSOD02,C3,MSOD02_C3,low_qc_candidate,present,correct
DEMO0082,5,MSOD10,C3,MSOD10_C3,low_qc_candidate,present,correct
DEMO0082,6,MSOD06,C7,MSOD06_C7,high_qc_candidate,present,correct
DEMO0082,7,MSOD07,C8,MSOD07_C8,high_qc_candidate,present,incorrect
DEMO0082,8,MSOD05,C6,MSOD05_C6,high_qc_candidate,absent,incorrect
DEMO0082,9,MSOD03,C4,MSOD03_C4,low_qc_candidate,present,incorrect
DEMO0082,10,MSOD04,C5,MSOD04_C5,high_qc_candidate,absent,correct
DEMO0083,1,MSOD04,C6,MSOD04_C6,high_qc_candidate,absent,incorrect
DEMO0083,2,MSOD08,C2,MSOD08_C2,low_qc_candidate,absent,incorrect
DEMO0083,3,MSOD05,C7,MSOD05_C7,high_qc_candidate,present,correct
DEMO0083,4,MSOD10,C4,MSOD10_C4,low_qc_candidate,present,incorrect
DEMO0083,5,MSOD03,C5,MSOD03_C5,high_qc_candidate,absent,correct
DEMO0083,6,MSOD06,C8,MSOD06_C8,high_qc_candidate,present,incorrect
DEMO0083,7,MSOD01,C3,MSOD01_C3,low_qc_candidate,present,correct
DEMO0083,8,MSOD09,C3,MSOD09_C3,low_qc_candidate,present,correct
DEMO0083,9,MSOD07,C1,MSOD07_C1,low_qc_candidate,absent,correct
DEMO0083,10,MSOD02,C4,MSOD02_C4,low_qc_candidate,present,incorrect
DEMO0084,1,MSOD04,C7,MSOD04_C7,high_qc_candidate,present,correct
DEMO0084,2,MSOD05,C8,MSOD05_C8,high_qc_candidate,present,incorrect
DEMO0084,3,MSOD10,C5,MSOD10_C5,high_qc_candidate,absent,correct
DEMO0084,4,MSOD08,C3,MSOD08_C3,low_qc_candidate,present,correct
DEMO0084,5,MSOD06,C1,MSOD06_C1,low_qc_candidate,absent,correct
DEMO0084,6,MSOD07,C2,MSOD07_C2,low_qc_candidate,absent,incorrect
DEMO0084,7,MSOD03,C6,MSOD03_C6,high_qc_candidate,absent,incorrect
DEMO0084,8,MSOD02,C5,MSOD02_C5,high_qc_candidate,absent,correct
DEMO0084,9,MSOD01,C4,MSOD01_C4,low_qc_candidate,present,incorrect
DEMO0084,10,MSOD09,C4,MSOD09_C4,low_qc_candidate,present,incorrect
DEMO0085,1,MSOD07,C3,MSOD07_C3,low_qc_candidate,present,correct
DEMO0085,2,MSOD10,C6,MSOD10_C6,high_qc_candidate,absent,incorrect
DEMO0085,3,MSOD05,C1,MSOD05_C1,low_qc_candidate,absent,correct
DEMO0085,4,MSOD08,C4,MSOD08_C4,low_qc_candidate,present,incorrect
DEMO0085,5,MSOD03,C7,MSOD03_C7,high_qc_candidate,present,correct
DEMO0085,6,MSOD02,C6,MSOD02_C6,high_qc_candidate,absent,incorrect
DEMO0085,7,MSOD06,C2,MSOD06_C2,low_qc_candidate,absent,incorrect
DEMO0085,8,MSOD09,C5,MSOD09_C5,high_qc_candidate,absent,correct
DEMO0085,9,MSOD04,C8,MSOD04_C8,high_qc_candidate,present,incorrect
DEMO0085,10,MSOD01,C5,MSOD01_C5,high_qc_candidate,absent,correct
DEMO0086,1,MSOD08,C5,MSOD08_C5,high_qc_candidate,absent,correct
DEMO0086,2,MSOD05,C2,MSOD05_C2,low_qc_candidate,absent,incorrect
DEMO0086,3,MSOD10,C7,MSOD10_C7,high_qc_candidate,present,correct
DEMO0086,4,MSOD06,C3,MSOD06_C3,low_qc_candidate,present,correct
DEMO0086,5,MSOD04,C1,MSOD04_C1,low_qc_candidate,absent,correct
DEMO0086,6,MSOD07,C4,MSOD07_C4,low_qc_candidate,present,incorrect
DEMO0086,7,MSOD09,C6,MSOD09_C6,high_qc_candidate,absent,incorrect
DEMO0086,8,MSOD03,C8,MSOD03_C8,high_qc_candidate,present,incorrect
DEMO0086,9,MSOD01,C6,MSOD01_C6,high_qc_candidate,absent,incorrect
DEMO0086,10,MSOD02,C7,MSOD02_C7,high_qc_candidate,present,correct
DEMO0087,1,MSOD02,C8,MSOD02_C8,high_qc_candidate,present,incorrect
DEMO0087,2,MSOD03,C1,MSOD03_C1,low_qc_candidate,absent,correct
DEMO0087,3,MSOD01,C7,MSOD01_C7,high_qc_candidate,present,correct
DEMO0087,4,MSOD06,C4,MSOD06_C4,low_qc_candidate,present,incorrect
DEMO0087,5,MSOD08,C6,MSOD08_C6,high_qc_candidate,absent,incorrect
DEMO0087,6,MSOD05,C3,MSOD05_C3,low_qc_candidate,present,correct
DEMO0087,7,MSOD10,C8,MSOD10_C8,high_qc_candidate,present,incorrect
DEMO0087,8,MSOD09,C7,MSOD09_C7,high_qc_candidate,present,correct
DEMO0087,9,MSOD07,C5,MSOD07_C5,high_qc_candidate,absent,correct
DEMO0087,10,MSOD04,C2,MSOD04_C2,low_qc_candidate,absent,incorrect
DEMO0088,1,MSOD01,C8,MSOD01_C8,high_qc_candidate,present,incorrect
DEMO0088,2,MSOD08,C7,MSOD08_C7,high_qc_candidate,present,correct
DEMO0088,3,MSOD10,C1,MSOD10_C1,low_qc_candidate,absent,correct
DEMO0088,4,MSOD09,C8,MSOD09_C8,high_qc_candidate,present,incorrect
DEMO0088,5,MSOD02,C1,MSOD02_C1,low_qc_candidate,absent,correct
DEMO0088,6,MSOD07,C6,MSOD07_C6,high_qc_candidate,absent,incorrect
DEMO0088,7,MSOD05,C4,MSOD05_C4,low_qc_candidate,present,incorrect
DEMO0088,8,MSOD06,C5,MSOD06_C5,high_qc_candidate,absent,correct
DEMO0088,9,MSOD04,C3,MSOD04_C3,low_qc_candidate,present,correct
DEMO0088,10,MSOD03,C2,MSOD03_C2,low_qc_candidate,absent,incorrect
DEMO0089,1,MSOD05,C5,MSOD05_C5,high_qc_candidate,absent,correct
DEMO0089,2,MSOD06,C6,MSOD06_C6,high_qc_candidate,absent,incorrect
DEMO0089,3,MSOD08,C8,MSOD08_C8,high_qc_candidate,present,incorrect
DEMO0089,4,MSOD04,C4,MSOD04_C4,low_qc_candidate,present,incorrect
DEMO0089,5,MSOD07,C7,MSOD07_C7,high_qc_candidate,present,correct
DEMO0089,6,MSOD03,C3,MSOD03_C3,low_qc_candidate,present,correct
DEMO0089,7,MSOD01,C1,MSOD01_C1,low_qc_candidate,absent,correct
DEMO0089,8,MSOD09,C1,MSOD09_C1,low_qc_candidate,absent,correct
DEMO0089,9,MSOD02,C2,MSOD02_C2,low_qc_candidate,absent,incorrect
DEMO0089,10,MSOD10,C2,MSOD10_C2,low_qc_candidate,absent,incorrect
DEMO0090,1,MSOD06,C7,MSOD06_C7,high_qc_candidate,present,correct
DEMO0090,2,MSOD09,C2,MSOD09_C2,low_qc_candidate,absent,incorrect
DEMO0090,3,MSOD10,C3,MSOD10_C3,low_qc_candidate,present,correct
DEMO0090,4,MSOD08,C1,MSOD08_C1,low_qc_candidate,absent,correct
DEMO0090,5,MSOD04,C5,MSOD04_C5,high_qc_candidate,absent,correct
DEMO0090,6,MSOD01,C2,MSOD01_C2,low_qc_candidate,absent,incorrect
DEMO0090,7,MSOD03,C4,MSOD03_C4,low_qc_candidate,present,incorrect
DEMO0090,8,MSOD02,C3,MSOD02_C3,low_qc_candidate,present,correct
DEMO0090,9,MSOD05,C6,MSOD05_C6,high_qc_candidate,absent,incorrect
DEMO0090,10,MSOD07,C8,MSOD07_C8,high_qc_candidate,present,incorrect
DEMO0091,1,MSOD03,C5,MSOD03_C5,high_qc_candidate,absent,correct
DEMO0091,2,MSOD10,C4,MSOD10_C4,low_qc_candidate,present,incorrect
DEMO0091,3,MSOD07,C1,MSOD07_C1,low_qc_candidate,absent,correct
DEMO0091,4,MSOD04,C6,MSOD04_C6,high_qc_candidate,absent,incorrect
DEMO0091,5,MSOD01,C3,MSOD01_C3,low_qc_candidate,present,correct
DEMO0091,6,MSOD05,C7,MSOD05_C7,high_qc_candidate,present,correct
DEMO0091,7,MSOD02,C4,MSOD02_C4,low_qc_candidate,present,incorrect
DEMO0091,8,MSOD09,C3,MSOD09_C3,low_qc_candidate,present,correct
DEMO0091,9,MSOD06,C8,MSOD06_C8,high_qc_candidate,present,incorrect
DEMO0091,10,MSOD08,C2,MSOD08_C2,low_qc_candidate,absent,incorrect
DEMO0092,1,MSOD06,C1,MSOD06_C1,low_qc_candidate,absent,correct
DEMO0092,2,MSOD07,C2,MSOD07_C2,low_qc_candidate,absent,incorrect
DEMO0092,3,MSOD03,C6,MSOD03_C6,high_qc_candidate,absent,incorrect
DEMO0092,4,MSOD04,C7,MSOD04_C7,high_qc_candidate,present,correct
DEMO0092,5,MSOD08,C3,MSOD08_C3,low_qc_candidate,present,correct
DEMO0092,6,MSOD05,C8,MSOD05_C8,high_qc_candidate,present,incorrect
DEMO0092,7,MSOD09,C4,MSOD09_C4,low_qc_candidate,present,incorrect
DEMO0092,8,MSOD10,C5,MSOD10_C5,high_qc_candidate,absent,correct
DEMO0092,9,MSOD01,C4,MSOD01_C4,low_qc_candidate,present,incorrect
DEMO0092,10,MSOD02,C5,MSOD02_C5,high_qc_candidate,absent,correct
DEMO0093,1,MSOD08,C4,MSOD08_C4,low_qc_candidate,present,incorrect
DEMO0093,2,MSOD05,C1,MSOD05_C1,low_qc_candidate,absent,correct
DEMO0093,3,MSOD04,C8,MSOD04_C8,high_qc_candidate,present,incorrect
DEMO0093,4,MSOD09,C5,MSOD09_C5,high_qc_candidate,absent,correct
DEMO0093,5,MSOD06,C2,MSOD06_C2,low_qc_candidate,absent,incorrect
DEMO0093,6,MSOD07,C3,MSOD07_C3,low_qc_candidate,present,correct
DEMO0093,7,MSOD03,C7,MSOD03_C7,high_qc_candidate,present,correct
DEMO0093,8,MSOD01,C5,MSOD01_C5,high_qc_candidate,absent,correct
DEMO0093,9,MSOD10,C6,MSOD10_C6,high_qc_candidate,absent,incorrect
DEMO0093,10,MSOD02,C6,MSOD02_C6,high_qc_candidate,absent,incorrect
DEMO0094,1,MSOD09,C6,MSOD09_C6,high_qc_candidate,absent,incorrect
DEMO0094,2,MSOD04,C1,MSOD04_C1,low_qc_candidate,absent,correct
DEMO0094,3,MSOD01,C6,MSOD01_C6,high_qc_candidate,absent,incorrect
DEMO0094,4,MSOD03,C8,MSOD03_C8,high_qc_candidate,present,incorrect
DEMO0094,5,MSOD07,C4,MSOD07_C4,low_qc_candidate,present,incorrect
DEMO0094,6,MSOD06,C3,MSOD06_C3,low_qc_candidate,present,correct
DEMO0094,7,MSOD05,C2,MSOD05_C2,low_qc_candidate,absent,incorrect
DEMO0094,8,MSOD02,C7,MSOD02_C7,high_qc_candidate,present,correct
DEMO0094,9,MSOD08,C5,MSOD08_C5,high_qc_candidate,absent,correct
DEMO0094,10,MSOD10,C7,MSOD10_C7,high_qc_candidate,present,correct
DEMO0095,1,MSOD02,C8,MSOD02_C8,high_qc_candidate,present,incorrect
DEMO0095,2,MSOD07,C5,MSOD07_C5,high_qc_candidate,absent,correct
DEMO0095,3,MSOD05,C3,MSOD05_C3,low_qc_candidate,present,correct
DEMO0095,4,MSOD01,C7,MSOD01_C7,high_qc_candidate,present,correct
DEMO0095,5,MSOD08,C6,MSOD08_C6,high_qc_candidate,absent,incorrect
DEMO0095,6,MSOD06,C4,MSOD06_C4,low_qc_candidate,present,incorrect
DEMO0095,7,MSOD04,C2,MSOD04_C2,low_qc_candidate,absent,incorrect
DEMO0095,8,MSOD09,C7,MSOD09_C7,high_qc_candidate,present,correct
DEMO0095,9,MSOD03,C1,MSOD03_C1,low_qc_candidate,absent,correct
DEMO0095,10,MSOD10,C8,MSOD10_C8,high_qc_candidate,present,incorrect
DEMO0096,1,MSOD09,C8,MSOD09_C8,high_qc_candidate,present,incorrect
DEMO0096,2,MSOD10,C1,MSOD10_C1,low_qc_candidate,absent,correct
DEMO0096,3,MSOD01,C8,MSOD01_C8,high_qc_candidate,present,incorrect
DEMO0096,4,MSOD08,C7,MSOD08_C7,high_qc_candidate,present,correct
DEMO0096,5,MSOD06,C5,MSOD06_C5,high_qc_candidate,absent,correct
DEMO0096,6,MSOD03,C2,MSOD03_C2,low_qc_candidate,absent,incorrect
DEMO0096,7,MSOD05,C4,MSOD05_C4,low_qc_candidate,present,incorrect
DEMO0096,8,MSOD07,C6,MSOD07_C6,high_qc_candidate,absent,incorrect
DEMO0096,9,MSOD04,C3,MSOD04_C3,low_qc_candidate,present,correct
DEMO0096,10,MSOD02,C1,MSOD02_C1,low_qc_candidate,absent,correct
DEMO0097,1,MSOD10,C2,MSOD10_C2,low_qc_candidate,absent,incorrect
DEMO0097,2,MSOD09,C1,MSOD09_C1,low_qc_candidate,absent,correct
DEMO0097,3,MSOD01,C1,MSOD01_C1,low_qc_candidate,absent,correct
DEMO0097,4,MSOD05,C5,MSOD05_C5,high_qc_candidate,absent,correct
DEMO0097,5,MSOD06,C6,MSOD06_C6,high_qc_candidate,absent,incorrect
DEMO0097,6,MSOD03,C3,MSOD03_C3,low_qc_candidate,present,correct
DEMO0097,7,MSOD04,C4,MSOD04_C4,low_qc_candidate,present,incorrect
DEMO0097,8,MSOD07,C7,MSOD07_C7,high_qc_candidate,present,correct
DEMO0097,9,MSOD08,C8,MSOD08_C8,high_qc_candidate,present,incorrect
DEMO0097,10,MSOD02,C2,MSOD02_C2,low_qc_candidate,absent,incorrect
DEMO0098,1,MSOD06,C7,MSOD06_C7,high_qc_candidate,present,correct
DEMO0098,2,MSOD03,C4,MSOD03_C4,low_qc_candidate,present,incorrect
DEMO0098,3,MSOD05,C6,MSOD05_C6,high_qc_candidate,absent,incorrect
DEMO0098,4,MSOD10,C3,MSOD10_C3,low_qc_candidate,present,correct
DEMO0098,5,MSOD02,C3,MSOD02_C3,low_qc_candidate,present,correct
DEMO0098,6,MSOD04,C5,MSOD04_C5,high_qc_candidate,absent,correct
DEMO0098,7,MSOD01,C2,MSOD01_C2,low_qc_candidate,absent,incorrect
DEMO0098,8,MSOD07,C8,MSOD07_C8,high_qc_candidate,present,incorrect
DEMO0098,9,MSOD08,C1,MSOD08_C1,low_qc_candidate,absent,correct
DEMO0098,10,MSOD09,C2,MSOD09_C2,low_qc_candidate,absent,incorrect
DEMO0099,1,MSOD07,C1,MSOD07_C1,low_qc_candidate,absent,correct
DEMO0099,2,MSOD02,C4,MSOD02_C4,low_qc_candidate,present,incorrect
DEMO0099,3,MSOD01,C3,MSOD01_C3,low_qc_candidate,present,correct
DEMO0099,4,MSOD09,C3,MSOD09_C3,low_qc_candidate,present,correct
DEMO0099,5,MSOD10,C4,MSOD10_C4,low_qc_candidate,present,incorrect
DEMO0099,6,MSOD08,C2,MSOD08_C2,low_qc_candidate,absent,incorrect
DEMO0099,7,MSOD05,C7,MSOD05_C7,high_qc_candidate,present,correct
DEMO0099,8,MSOD06,C8,MSOD06_C8,high_qc_candidate,present,incorrect
DEMO0099,9,MSOD04,C6,MSOD04_C6,high_qc_candidate,absent,incorrect
DEMO0099,10,MSOD03,C5,MSOD03_C5,high_qc_candidate,absent,correct
DEMO0100,1,MSOD08,C3,MSOD08_C3,low_qc_candidate,present,correct
DEMO0100,2,MSOD02,C5,MSOD02_C5,high_qc_candidate,absent,correct
DEMO0100,3,MSOD07,C2,MSOD07_C2,low_qc_candidate,absent,incorrect
DEMO0100,4,MSOD06,C1,MSOD06_C1,low_qc_candidate,absent,correct
DEMO0100,5,MSOD04,C7,MSOD04_C7,high_qc_candidate,present,correct
DEMO0100,6,MSOD10,C5,MSOD10_C5,high_qc_candidate,absent,correct
DEMO0100,7,MSOD03,C6,MSOD03_C6,high_qc_candidate,absent,incorrect
DEMO0100,8,MSOD05,C8,MSOD05_C8,high_qc_candidate,present,incorrect
DEMO0100,9,MSOD01,C4,MSOD01_C4,low_qc_candidate,present,incorrect
DEMO0100,10,MSOD09,C4,MSOD09_C4,low_qc_candidate,present,incorrect
DEMO0101,1,MSOD07,C3,MSOD07_C3,low_qc_candidate,present,correct
DEMO0101,2,MSOD01,C5,MSOD01_C5,high_qc_candidate,absent,correct
DEMO0101,3,MSOD04,C8,MSOD04_C8,high_qc_candidate,present,incorrect
DEMO0101,4,MSOD10,C6,MSOD10_C6,high_qc_candidate,absent,incorrect
DEMO0101,5,MSOD02,C6,MSOD02_C6,high_qc_candidate,absent,incorrect
DEMO0101,6,MSOD08,C4,MSOD08_C4,low_qc_candidate,present,incorrect
DEMO0101,7,MSOD09,C5,MSOD09_C5,high_qc_candidate,absent,correct
DEMO0101,8,MSOD05,C1,MSOD05_C1,low_qc_candidate,absent,correct
DEMO0101,9,MSOD06,C2,MSOD06_C2,low_qc_candidate,absent,incorrect
DEMO0101,10,MSOD03,C7,MSOD03_C7,high_qc_candidate,present,correct
DEMO0102,1,MSOD08,C5,MSOD08_C5,high_qc_candidate,absent,correct
DEMO0102,2,MSOD09,C6,MSOD09_C6,high_qc_candidate,absent,incorrect
DEMO0102,3,MSOD03,C8,MSOD03_C8,high_qc_candidate,present,incorrect
DEMO0102,4,MSOD10,C7,MSOD10_C7,high_qc_candidate,present,correct
DEMO0102,5,MSOD04,C1,MSOD04_C1,low_qc_candidate,absent,correct
DEMO0102,6,MSOD05,C2,MSOD05_C2,low_qc_candidate,absent,incorrect
DEMO0102,7,MSOD02,C7,MSOD02_C7,high_qc_candidate,present,correct
DEMO0102,8,MSOD06,C3,MSOD06_C3,low_qc_candidate,present,correct
DEMO0102,9,MSOD07,C4,MSOD07_C4,low_qc_candidate,present,incorrect
DEMO0102,10,MSOD01,C6,MSOD01_C6,high_qc_candidate,absent,incorrect
DEMO0103,1,MSOD07,C5,MSOD07_C5,high_qc_candidate,absent,correct
DEMO0103,2,MSOD10,C8,MSOD10_C8,high_qc_candidate,present,incorrect
DEMO0103,3,MSOD03,C1,MSOD03_C1,low_qc_candidate,absent,correct
DEMO0103,4,MSOD04,C2,MSOD04_C2,low_qc_candidate,absent,incorrect
DEMO0103,5,MSOD06,C4,MSOD06_C4,low_qc_candidate,present,incorrect
DEMO0103,6,MSOD01,C7,MSOD01_C7,high_qc_candidate,present,correct
DEMO0103,7,MSOD05,C3,MSOD05_C3,low_qc_candidate,present,correct
DEMO0103,8,MSOD08,C6,MSOD08_C6,high_qc_candidate,absent,incorrect
DEMO0103,9,MSOD02,C8,MSOD02_C8,high_qc_candidate,present,incorrect
DEMO0103,10,MSOD09,C7,MSOD09_C7,high_qc_candidate,present,correct
DEMO0104,1,MSOD02,C1,MSOD02_C1,low_qc_candidate,absent,correct
DEMO0104,2,MSOD08,C7,MSOD08_C7,high_qc_candidate,present,correct
DEMO0104,3,MSOD03,C2,MSOD03_C2,low_qc_candidate,absent,incorrect
DEMO0104,4,MSOD05,C4,MSOD05_C4,low_qc_candidate,present,incorrect
DEMO0104,5,MSOD04,C3,MSOD04_C3,low_qc_candidate,present,correct
DEMO0104,6,MSOD10,C1,MSOD10_C1,low_qc_candidate,absent,correct
DEMO0104,7,MSOD07,C6,MSOD07_C6,high_qc_candidate,absent,incorrect
DEMO0104,8,MSOD01,C8,MSOD01_C8,high_qc_candidate,present,incorrect
DEMO0104,9,MSOD09,C8,MSOD09_C8,high_qc_candidate,present,incorrect
DEMO0104,10,MSOD06,C5,MSOD06_C5,high_qc_candidate,absent,correct
DEMO0105,1,MSOD10,C2,MSOD10_C2,low_qc_candidate,absent,incorrect
DEMO0105,2,MSOD03,C3,MSOD03_C3,low_qc_candidate,present,correct
DEMO0105,3,MSOD08,C8,MSOD08_C8,high_qc_candidate,present,incorrect
DEMO0105,4,MSOD02,C2,MSOD02_C2,low_qc_candidate,absent,incorrect
DEMO0105,5,MSOD06,C6,MSOD06_C6,high_qc_candidate,absent,incorrect
DEMO0105,6,MSOD09,C1,MSOD09_C1,low_qc_candidate,absent,correct
DEMO0105,7,MSOD07,C7,MSOD07_C7,high_qc_candidate,present,correct
DEMO0105,8,MSOD05,C5,MSOD05_C5,high_qc_candidate,absent,correct
DEMO0105,9,MSOD04,C4,MSOD04_C4,low_qc_candidate,present,incorrect
DEMO0105,10,MSOD01,C1,MSOD01_C1,low_qc_candidate,absent,correct
DEMO0106,1,MSOD01,C2,MSOD01_C2,low_qc_candidate,absent,incorrect
DEMO0106,2,MSOD08,C1,MSOD08_C1,low_qc_candidate,absent,correct
DEMO0106,3,MSOD09,C2,MSOD09_C2,low_qc_candidate,absent,incorrect
DEMO0106,4,MSOD07,C8,MSOD07_C8,high_qc_candidate,present,incorrect
DEMO0106,5,MSOD06,C7,MSOD06_C7,high_qc_candidate,present,correct
DEMO0106,6,MSOD03,C4,MSOD03_C4,low_qc_candidate,present,incorrect
DEMO0106,7,MSOD10,C3,MSOD10_C3,low_qc_candidate,present,correct
DEMO0106,8,MSOD04,C5,MSOD04_C5,high_qc_candidate,absent,correct
DEMO0106,9,MSOD05,C6,MSOD05_C6,high_qc_candidate,absent,incorrect
DEMO0106,10,MSOD02,C3,MSOD02_C3,low_qc_candidate,present,correct
DEMO0107,1,MSOD09,C3,MSOD09_C3,low_qc_candidate,present,correct
DEMO0107,2,MSOD06,C8,MSOD06_C8,high_qc_candidate,present,incorrect
DEMO0107,3,MSOD01,C3,MSOD01_C3,low_qc_candidate,present,correct
DEMO0107,4,MSOD05,C7,MSOD05_C7,high_qc_candidate,present,correct
DEMO0107,5,MSOD08,C2,MSOD08_C2,low_qc_candidate,absent,incorrect
DEMO0107,6,MSOD07,C1,MSOD07_C1,low_qc_candidate,absent,correct
DEMO0107,7,MSOD02,C4,MSOD02_C4,low_qc_candidate,present,incorrect
DEMO0107,8,MSOD10,C4,MSOD10_C4,low_qc_candidate,present,incorrect
DEMO0107,9,MSOD03,C5,MSOD03_C5,high_qc_candidate,absent,correct
DEMO0107,10,MSOD04,C6,MSOD04_C6,high_qc_candidate,absent,incorrect
DEMO0108,1,MSOD07,C2,MSOD07_C2,low_qc_candidate,absent,incorrect
DEMO0108,2,MSOD06,C1,MSOD06_C1,low_qc_candidate,absent,correct
DEMO0108,3,MSOD10,C5,MSOD10_C5,high_qc_candidate,absent,correct
DEMO0108,4,MSOD02,C5,MSOD02_C5,high_qc_candidate,absent,correct
DEMO0108,5,MSOD05,C8,MSOD05_C8,high_qc_candidate,present,incorrect
DEMO0108,6,MSOD08,C3,MSOD08_C3,low_qc_candidate,present,correct
DEMO0108,7,MSOD03,C6,MSOD03_C6,high_qc_candidate,absent,incorrect
DEMO0108,8,MSOD01,C4,MSOD01_C4,low_qc_candidate,present,incorrect
DEMO0108,9,MSOD09,C4,MSOD09_C4,low_qc_candidate,present,incorrect
DEMO0108,10,MSOD04,C7,MSOD04_C7,high_qc_candidate,present,correct
DEMO0109,1,MSOD06,C2,MSOD06_C2,low_qc_candidate,absent,incorrect
DEMO0109,2,MSOD08,C4,MSOD08_C4,low_qc_candidate,present,incorrect
DEMO0109,3,MSOD07,C3,MSOD07_C3,low_qc_candidate,present,correct
DEMO0109,4,MSOD04,C8,MSOD04_C8,high_qc_candidate,present,incorrect
DEMO0109,5,MSOD10,C6,MSOD10_C6,high_qc_candidate,absent,incorrect
DEMO0109,6,MSOD05,C1,MSOD05_C1,low_qc_candidate,absent,correct
DEMO0109,7,MSOD01,C5,MSOD01_C5,high_qc_candidate,absent,correct
DEMO0109,8,MSOD02,C6,MSOD02_C6,high_qc_candidate,absent,incorrect
DEMO0109,9,MSOD03,C7,MSOD03_C7,high_qc_candidate,present,correct
DEMO0109,10,MSOD09,C5,MSOD09_C5,high_qc_candidate,absent,correct
DEMO0110,1,MSOD04,C1,MSOD04_C1,low_qc_candidate,absent,correct
DEMO0110,2,MSOD10,C7,MSOD10_C7,high_qc_candidate,present,correct
DEMO0110,3,MSOD03,C8,MSOD03_C8,high_qc_candidate,present,incorrect
DEMO0110,4,MSOD05,C2,MSOD05_C2,low_qc_candidate,absent,incorrect
DEMO0110,5,MSOD09,C6,MSOD09_C6,high_qc_candidate,absent,incorrect
DEMO0110,6,MSOD07,C4,MSOD07_C4,low_qc_candidate,present,incorrect
DEMO0110,7,MSOD06,C3,MSOD06_C3,low_qc_candidate,present,correct
DEMO0110,8,MSOD01,C6,MSOD01_C6,high_qc_candidate,absent,incorrect
DEMO0110,9,MSOD08,C5,MSOD08_C5,high_qc_candidate,absent,correct
DEMO0110,10,MSOD02,C7,MSOD02_C7,high_qc_candidate,present,correct
DEMO0111,1,MSOD03,C1,MSOD03_C1,low_qc_candidate,absent,correct
DEMO0111,2,MSOD04,C2,MSOD04_C2,low_qc_candidate,absent,incorrect
DEMO0111,3,MSOD06,C4,MSOD06_C4,low_qc_candidate,present,incorrect
DEMO0111,4,MSOD01,C7,MSOD01_C7,high_qc_candidate,present,correct
DEMO0111,5,MSOD07,C5,MSOD07_C5,high_qc_candidate,absent,correct
DEMO0111,6,MSOD05,C3,MSOD05_C3,low_qc_candidate,present,correct
DEMO0111,7,MSOD10,C8,MSOD10_C8,high_qc_candidate,present,incorrect
DEMO0111,8,MSOD09,C7,MSOD09_C7,high_qc_candidate,present,correct
DEMO0111,9,MSOD02,C8,MSOD02_C8,high_qc_candidate,present,incorrect
DEMO0111,10,MSOD08,C6,MSOD08_C6,high_qc_candidate,absent,incorrect
DEMO0112,1,MSOD08,C7,MSOD08_C7,high_qc_candidate,present,correct
DEMO0112,2,MSOD09,C8,MSOD09_C8,high_qc_candidate,present,incorrect
DEMO0112,3,MSOD03,C2,MSOD03_C2,low_qc_candidate,absent,incorrect
DEMO0112,4,MSOD01,C8,MSOD01_C8,high_qc_candidate,present,incorrect
DEMO0112,5,MSOD02,C1,MSOD02_C1,low_qc_candidate,absent,correct
DEMO0112,6,MSOD10,C1,MSOD10_C1,low_qc_candidate,absent,correct
DEMO0112,7,MSOD05,C4,MSOD05_C4,low_qc_candidate,present,incorrect
DEMO0112,8,MSOD07,C6,MSOD07_C6,high_qc_candidate,absent,incorrect
DEMO0112,9,MSOD04,C3,MSOD04_C3,low_qc_candidate,present,correct
DEMO0112,10,MSOD06,C5,MSOD06_C5,high_qc_candidate,absent,correct
DEMO0113,1,MSOD04,C4,MSOD04_C4,low_qc_candidate,present,incorrect
DEMO0113,2,MSOD01,C1,MSOD01_C1,low_qc_candidate,absent,correct
DEMO0113,3,MSOD09,C1,MSOD09_C1,low_qc_candidate,absent,correct
DEMO0113,4,MSOD10,C2,MSOD10_C2,low_qc_candidate,absent,incorrect
DEMO0113,5,MSOD05,C5,MSOD05_C5,high_qc_candidate,absent,correct
DEMO0113,6,MSOD08,C8,MSOD08_C8,high_qc_candidate,present,incorrect
DEMO0113,7,MSOD03,C3,MSOD03_C3,low_qc_candidate,present,correct
DEMO0113,8,MSOD06,C6,MSOD06_C6,high_qc_candidate,absent,incorrect
DEMO0113,9,MSOD02,C2,MSOD02_C2,low_qc_candidate,absent,incorrect
DEMO0113,10,MSOD07,C7,MSOD07_C7,high_qc_candidate,present,correct
DEMO0114,1,MSOD04,C5,MSOD04_C5,high_qc_candidate,absent,correct
DEMO0114,2,MSOD06,C7,MSOD06_C7,high_qc_candidate,present,correct
DEMO0114,3,MSOD08,C1,MSOD08_C1,low_qc_candidate,absent,correct
DEMO0114,4,MSOD03,C4,MSOD03_C4,low_qc_candidate,present,incorrect
DEMO0114,5,MSOD10,C3,MSOD10_C3,low_qc_candidate,present,correct
DEMO0114,6,MSOD01,C2,MSOD01_C2,low_qc_candidate,absent,incorrect
DEMO0114,7,MSOD02,C3,MSOD02_C3,low_qc_candidate,present,correct
DEMO0114,8,MSOD05,C6,MSOD05_C6,high_qc_candidate,absent,incorrect
DEMO0114,9,MSOD07,C8,MSOD07_C8,high_qc_candidate,present,incorrect
DEMO0114,10,MSOD09,C2,MSOD09_C2,low_qc_candidate,absent,incorrect
DEMO0115,1,MSOD03,C5,MSOD03_C5,high_qc_candidate,absent,correct
DEMO0115,2,MSOD10,C4,MSOD10_C4,low_qc_candidate,present,incorrect
DEMO0115,3,MSOD04,C6,MSOD04_C6,high_qc_candidate,absent,incorrect
DEMO0115,4,MSOD09,C3,MSOD09_C3,low_qc_candidate,present,correct
DEMO0115,5,MSOD06,C8,MSOD06_C8,high_qc_candidate,present,incorrect
DEMO0115,6,MSOD02,C4,MSOD02_C4,low_qc_candidate,present,incorrect
DEMO0115,7,MSOD08,C2,MSOD08_C2,low_qc_candidate,absent,incorrect
DEMO0115,8,MSOD01,C3,MSOD01_C3,low_qc_candidate,present,correct
DEMO0115,9,MSOD05,C7,MSOD05_C7,high_qc_candidate,present,correct
DEMO0115,10,MSOD07,C1,MSOD07_C1,low_qc_candidate,absent,correct
DEMO0116,1,MSOD05,C8,MSOD05_C8,high_qc_candidate,present,incorrect
DEMO0116,2,MSOD03,C6,MSOD03_C6,high_qc_candidate,absent,incorrect
DEMO0116,3,MSOD09,C4,MSOD09_C4,low_qc_candidate,present,incorrect
DEMO0116,4,MSOD10,C5,MSOD10_C5,high_qc_candidate,absent,correct
DEMO0116,5,MSOD04,C7,MSOD04_C7,high_qc_candidate,present,correct
DEMO0116,6,MSOD07,C2,MSOD07_C2,low_qc_candidate,absent,incorrect
DEMO0116,7,MSOD01,C4,MSOD01_C4,low_qc_candidate,present,incorrect
DEMO0116,8,MSOD06,C1,MSOD06_C1,low_qc_candidate,absent,correct
DEMO0116,9,MSOD02,C5,MSOD02_C5,high_qc_candidate,absent,correct
DEMO0116,10,MSOD08,C3,MSOD08_C3,low_qc_candidate,present,correct
DEMO0117,1,MSOD08,C4,MSOD08_C4,low_qc_candidate,present,incorrect
DEMO0117,2,MSOD09,C5,MSOD09_C5,high_qc_candidate,absent,correct
DEMO0117,3,MSOD06,C2,MSOD06_C2,low_qc_candidate,absent,incorrect
DEMO0117,4,MSOD02,C6,MSOD02_C6,high_qc_candidate,absent,incorrect
DEMO0117,5,MSOD04,C8,MSOD04_C8,high_qc_candidate,present,incorrect
DEMO0117,6,MSOD10,C6,MSOD10_C6,high_qc_candidate,absent,incorrect
DEMO0117,7,MSOD05,C1,MSOD05_C1,low_qc_candidate,absent,correct
DEMO0117,8,MSOD07,C3,MSOD07_C3,low_qc_candidate,present,correct
DEMO0117,9,MSOD03,C7,MSOD03_C7,high_qc_candidate,present,correct
DEMO0117,10,MSOD01,C5,MSOD01_C5,high_qc_candidate,absent,correct
DEMO0118,1,MSOD07,C4,MSOD07_C4,low_qc_candidate,present,incorrect
DEMO0118,2,MSOD06,C3,MSOD06_C3,low_qc_candidate,present,correct
DEMO0118,3,MSOD09,C6,MSOD09_C6,high_qc_candidate,absent,incorrect
DEMO0118,4,MSOD08,C5,MSOD08_C5,high_qc_candidate,absent,correct
DEMO0118,5,MSOD04,C1,MSOD04_C1,low_qc_candidate,absent,correct
DEMO0118,6,MSOD05,C2,MSOD05_C2,low_qc_candidate,absent,incorrect
DEMO0118,7,MSOD10,C7,MSOD10_C7,high_qc_candidate,present,correct
DEMO0118,8,MSOD02,C7,MSOD02_C7,high_qc_candidate,present,correct
DEMO0118,9,MSOD01,C6,MSOD01_C6,high_qc_candidate,absent,incorrect
DEMO0118,10,MSOD03,C8,MSOD03_C8,high_qc_candidate,present,incorrect
DEMO0119,1,MSOD05,C3,MSOD05_C3,low_qc_candidate,present,correct
DEMO0119,2,MSOD06,C4,MSOD06_C4,low_qc_candidate,present,incorrect
DEMO0119,3,MSOD07,C5,MSOD07_C5,high_qc_candidate,absent,correct
DEMO0119,4,MSOD08,C6,MSOD08_C6,high_qc_candidate,absent,incorrect
DEMO0119,5,MSOD03,C1,MSOD03_C1,low_qc_candidate,absent,correct
DEMO0119,6,MSOD09,C7,MSOD09_C7,high_qc_candidate,present,correct
DEMO0119,7,MSOD10,C8,MSOD10_C8,high_qc_candidate,present,incorrect
DEMO0119,8,MSOD02,C8,MSOD02_C8,high_qc_candidate,present,incorrect
DEMO0119,9,MSOD04,C2,MSOD04_C2,low_qc_candidate,absent,incorrect
DEMO0119,10,MSOD01,C7,MSOD01_C7,high_qc_candidate,present,correct
DEMO0120,1,MSOD10,C1,MSOD10_C1,low_qc_candidate,absent,correct
DEMO0120,2,MSOD09,C8,MSOD09_C8,high_qc_candidate,present,incorrect
DEMO0120,3,MSOD04,C3,MSOD04_C3,low_qc_candidate,present,correct
DEMO0120,4,MSOD07,C6,MSOD07_C6,high_qc_candidate,absent,incorrect
DEMO0120,5,MSOD08,C7,MSOD08_C7,high_qc_candidate,present,correct
DEMO0120,6,MSOD06,C5,MSOD06_C5,high_qc_candidate,absent,correct
DEMO0120,7,MSOD05,C4,MSOD05_C4,low_qc_candidate,present,incorrect
DEMO0120,8,MSOD03,C2,MSOD03_C2,low_qc_candidate,absent,incorrect
DEMO0120,9,MSOD01,C8,MSOD01_C8,high_qc_candidate,present,incorrect
DEMO0120,10,MSOD02,C1,MSOD02_C1,low_qc_candidate,absent,correct
