stimulus_id,case_id,condition_id,strategic_domain,case_title,representation_condition,human_only_information_condition,ai_correctness_condition,stage1_common_evidence,stage1_prompt,stage1_response_options,stage1_confidence_scale,stage2_ai_recommendation,stage2_ai_confidence,stage2_prompt,stage3_additional_information,stage3_prompt,stage3_response_options,stage3_confidence_scale,criterion_correct_final_decision,criterion_rule_version,manipulation_status
MSOD01_C1,MSOD01,C1,Market entry,Regional Market Entry,low_qc_candidate,absent,correct,Demand in the target region is forecast to grow by 9% annually for the next three years. Entry requires an initial investment of ₹80 crore. Expected operating margin before financing is 11%. Two established competitors together hold about 58% of the market. The firm's existing distribution network can cover roughly 60% of the target region.,"Based only on the information above, what should the organisation do?",approve|reject,0-100,reject,78,Review the AI recommendation before continuing.,No additional verified information affecting the entry economics is available beyond the common evidence.,"After considering all information now available, what should the organisation do?",approve|reject,0-100,reject,MSOD-v1.0-declared-key,candidate_not_empirically_pretested
MSOD01_C2,MSOD01,C2,Market entry,Regional Market Entry,low_qc_candidate,absent,incorrect,Demand in the target region is forecast to grow by 9% annually for the next three years. Entry requires an initial investment of ₹80 crore. Expected operating margin before financing is 11%. Two established competitors together hold about 58% of the market. The firm's existing distribution network can cover roughly 60% of the target region.,"Based only on the information above, what should the organisation do?",approve|reject,0-100,approve,78,Review the AI recommendation before continuing.,No additional verified information affecting the entry economics is available beyond the common evidence.,"After considering all information now available, what should the organisation do?",approve|reject,0-100,reject,MSOD-v1.0-declared-key,candidate_not_empirically_pretested
MSOD01_C3,MSOD01,C3,Market entry,Regional Market Entry,low_qc_candidate,present,correct,Demand in the target region is forecast to grow by 9% annually for the next three years. Entry requires an initial investment of ₹80 crore. Expected operating margin before financing is 11%. Two established competitors together hold about 58% of the market. The firm's existing distribution network can cover roughly 60% of the target region.,"Based only on the information above, what should the organisation do?",approve|reject,0-100,approve,78,Review the AI recommendation before continuing.,"A formally approved state incentive will reimburse 35% of qualifying entry investment, and the approval was not available to the AI system.","After considering all information now available, what should the organisation do?",approve|reject,0-100,approve,MSOD-v1.0-declared-key,candidate_not_empirically_pretested
MSOD01_C4,MSOD01,C4,Market entry,Regional Market Entry,low_qc_candidate,present,incorrect,Demand in the target region is forecast to grow by 9% annually for the next three years. Entry requires an initial investment of ₹80 crore. Expected operating margin before financing is 11%. Two established competitors together hold about 58% of the market. The firm's existing distribution network can cover roughly 60% of the target region.,"Based only on the information above, what should the organisation do?",approve|reject,0-100,reject,78,Review the AI recommendation before continuing.,"A formally approved state incentive will reimburse 35% of qualifying entry investment, and the approval was not available to the AI system.","After considering all information now available, what should the organisation do?",approve|reject,0-100,approve,MSOD-v1.0-declared-key,candidate_not_empirically_pretested
MSOD01_C5,MSOD01,C5,Market entry,Regional Market Entry,high_qc_candidate,absent,correct,Decision question: Does the expected demand and operating margin justify the ₹80 crore entry cost after accounting for competitive pressure and distribution coverage?  Evidence: 1) Demand in the target region is forecast to grow by 9% annually for the next three years. 2) Entry requires an initial investment of ₹80 crore. 3) Expected operating margin before financing is 11%. 4) Two established competitors together hold about 58% of the market. 5) The firm's existing distribution network can cover roughly 60% of the target region.,"Based only on the information above, what should the organisation do?",approve|reject,0-100,reject,78,Review the AI recommendation before continuing.,No additional verified information affecting the entry economics is available beyond the common evidence.,"After considering all information now available, what should the organisation do?",approve|reject,0-100,reject,MSOD-v1.0-declared-key,candidate_not_empirically_pretested
MSOD01_C6,MSOD01,C6,Market entry,Regional Market Entry,high_qc_candidate,absent,incorrect,Decision question: Does the expected demand and operating margin justify the ₹80 crore entry cost after accounting for competitive pressure and distribution coverage?  Evidence: 1) Demand in the target region is forecast to grow by 9% annually for the next three years. 2) Entry requires an initial investment of ₹80 crore. 3) Expected operating margin before financing is 11%. 4) Two established competitors together hold about 58% of the market. 5) The firm's existing distribution network can cover roughly 60% of the target region.,"Based only on the information above, what should the organisation do?",approve|reject,0-100,approve,78,Review the AI recommendation before continuing.,No additional verified information affecting the entry economics is available beyond the common evidence.,"After considering all information now available, what should the organisation do?",approve|reject,0-100,reject,MSOD-v1.0-declared-key,candidate_not_empirically_pretested
MSOD01_C7,MSOD01,C7,Market entry,Regional Market Entry,high_qc_candidate,present,correct,Decision question: Does the expected demand and operating margin justify the ₹80 crore entry cost after accounting for competitive pressure and distribution coverage?  Evidence: 1) Demand in the target region is forecast to grow by 9% annually for the next three years. 2) Entry requires an initial investment of ₹80 crore. 3) Expected operating margin before financing is 11%. 4) Two established competitors together hold about 58% of the market. 5) The firm's existing distribution network can cover roughly 60% of the target region.,"Based only on the information above, what should the organisation do?",approve|reject,0-100,approve,78,Review the AI recommendation before continuing.,"A formally approved state incentive will reimburse 35% of qualifying entry investment, and the approval was not available to the AI system.","After considering all information now available, what should the organisation do?",approve|reject,0-100,approve,MSOD-v1.0-declared-key,candidate_not_empirically_pretested
MSOD01_C8,MSOD01,C8,Market entry,Regional Market Entry,high_qc_candidate,present,incorrect,Decision question: Does the expected demand and operating margin justify the ₹80 crore entry cost after accounting for competitive pressure and distribution coverage?  Evidence: 1) Demand in the target region is forecast to grow by 9% annually for the next three years. 2) Entry requires an initial investment of ₹80 crore. 3) Expected operating margin before financing is 11%. 4) Two established competitors together hold about 58% of the market. 5) The firm's existing distribution network can cover roughly 60% of the target region.,"Based only on the information above, what should the organisation do?",approve|reject,0-100,reject,78,Review the AI recommendation before continuing.,"A formally approved state incentive will reimburse 35% of qualifying entry investment, and the approval was not available to the AI system.","After considering all information now available, what should the organisation do?",approve|reject,0-100,approve,MSOD-v1.0-declared-key,candidate_not_empirically_pretested
MSOD02_C1,MSOD02,C1,Mergers and acquisitions,Acquisition of a Smaller Competitor,low_qc_candidate,absent,correct,The target has grown revenue by 14% annually over the last two years. The proposed purchase price is 11.5 times EBITDA. Customer concentration is high: the largest three customers contribute 46% of target revenue. Estimated annual cost synergies are ₹18 crore. Integration is expected to take 18 months.,"Based only on the information above, what should the organisation do?",approve|reject,0-100,reject,81,Review the AI recommendation before continuing.,No additional verified contract or customer-retention information is available beyond the common evidence.,"After considering all information now available, what should the organisation do?",approve|reject,0-100,reject,MSOD-v1.0-declared-key,candidate_not_empirically_pretested
MSOD02_C2,MSOD02,C2,Mergers and acquisitions,Acquisition of a Smaller Competitor,low_qc_candidate,absent,incorrect,The target has grown revenue by 14% annually over the last two years. The proposed purchase price is 11.5 times EBITDA. Customer concentration is high: the largest three customers contribute 46% of target revenue. Estimated annual cost synergies are ₹18 crore. Integration is expected to take 18 months.,"Based only on the information above, what should the organisation do?",approve|reject,0-100,approve,81,Review the AI recommendation before continuing.,No additional verified contract or customer-retention information is available beyond the common evidence.,"After considering all information now available, what should the organisation do?",approve|reject,0-100,reject,MSOD-v1.0-declared-key,candidate_not_empirically_pretested
MSOD02_C3,MSOD02,C3,Mergers and acquisitions,Acquisition of a Smaller Competitor,low_qc_candidate,present,correct,The target has grown revenue by 14% annually over the last two years. The proposed purchase price is 11.5 times EBITDA. Customer concentration is high: the largest three customers contribute 46% of target revenue. Estimated annual cost synergies are ₹18 crore. Integration is expected to take 18 months.,"Based only on the information above, what should the organisation do?",approve|reject,0-100,approve,81,Review the AI recommendation before continuing.,A signed five-year renewal from the target's largest customer reduces projected concentration risk materially; this contract was not available to the AI system.,"After considering all information now available, what should the organisation do?",approve|reject,0-100,approve,MSOD-v1.0-declared-key,candidate_not_empirically_pretested
MSOD02_C4,MSOD02,C4,Mergers and acquisitions,Acquisition of a Smaller Competitor,low_qc_candidate,present,incorrect,The target has grown revenue by 14% annually over the last two years. The proposed purchase price is 11.5 times EBITDA. Customer concentration is high: the largest three customers contribute 46% of target revenue. Estimated annual cost synergies are ₹18 crore. Integration is expected to take 18 months.,"Based only on the information above, what should the organisation do?",approve|reject,0-100,reject,81,Review the AI recommendation before continuing.,A signed five-year renewal from the target's largest customer reduces projected concentration risk materially; this contract was not available to the AI system.,"After considering all information now available, what should the organisation do?",approve|reject,0-100,approve,MSOD-v1.0-declared-key,candidate_not_empirically_pretested
MSOD02_C5,MSOD02,C5,Mergers and acquisitions,Acquisition of a Smaller Competitor,high_qc_candidate,absent,correct,"Decision question: Do expected growth and ₹18 crore annual synergies compensate for the acquisition multiple, customer concentration, and 18-month integration burden?  Evidence: 1) The target has grown revenue by 14% annually over the last two years. 2) The proposed purchase price is 11.5 times EBITDA. 3) Customer concentration is high: the largest three customers contribute 46% of target revenue. 4) Estimated annual cost synergies are ₹18 crore. 5) Integration is expected to take 18 months.","Based only on the information above, what should the organisation do?",approve|reject,0-100,reject,81,Review the AI recommendation before continuing.,No additional verified contract or customer-retention information is available beyond the common evidence.,"After considering all information now available, what should the organisation do?",approve|reject,0-100,reject,MSOD-v1.0-declared-key,candidate_not_empirically_pretested
MSOD02_C6,MSOD02,C6,Mergers and acquisitions,Acquisition of a Smaller Competitor,high_qc_candidate,absent,incorrect,"Decision question: Do expected growth and ₹18 crore annual synergies compensate for the acquisition multiple, customer concentration, and 18-month integration burden?  Evidence: 1) The target has grown revenue by 14% annually over the last two years. 2) The proposed purchase price is 11.5 times EBITDA. 3) Customer concentration is high: the largest three customers contribute 46% of target revenue. 4) Estimated annual cost synergies are ₹18 crore. 5) Integration is expected to take 18 months.","Based only on the information above, what should the organisation do?",approve|reject,0-100,approve,81,Review the AI recommendation before continuing.,No additional verified contract or customer-retention information is available beyond the common evidence.,"After considering all information now available, what should the organisation do?",approve|reject,0-100,reject,MSOD-v1.0-declared-key,candidate_not_empirically_pretested
MSOD02_C7,MSOD02,C7,Mergers and acquisitions,Acquisition of a Smaller Competitor,high_qc_candidate,present,correct,"Decision question: Do expected growth and ₹18 crore annual synergies compensate for the acquisition multiple, customer concentration, and 18-month integration burden?  Evidence: 1) The target has grown revenue by 14% annually over the last two years. 2) The proposed purchase price is 11.5 times EBITDA. 3) Customer concentration is high: the largest three customers contribute 46% of target revenue. 4) Estimated annual cost synergies are ₹18 crore. 5) Integration is expected to take 18 months.","Based only on the information above, what should the organisation do?",approve|reject,0-100,approve,81,Review the AI recommendation before continuing.,A signed five-year renewal from the target's largest customer reduces projected concentration risk materially; this contract was not available to the AI system.,"After considering all information now available, what should the organisation do?",approve|reject,0-100,approve,MSOD-v1.0-declared-key,candidate_not_empirically_pretested
MSOD02_C8,MSOD02,C8,Mergers and acquisitions,Acquisition of a Smaller Competitor,high_qc_candidate,present,incorrect,"Decision question: Do expected growth and ₹18 crore annual synergies compensate for the acquisition multiple, customer concentration, and 18-month integration burden?  Evidence: 1) The target has grown revenue by 14% annually over the last two years. 2) The proposed purchase price is 11.5 times EBITDA. 3) Customer concentration is high: the largest three customers contribute 46% of target revenue. 4) Estimated annual cost synergies are ₹18 crore. 5) Integration is expected to take 18 months.","Based only on the information above, what should the organisation do?",approve|reject,0-100,reject,81,Review the AI recommendation before continuing.,A signed five-year renewal from the target's largest customer reduces projected concentration risk materially; this contract was not available to the AI system.,"After considering all information now available, what should the organisation do?",approve|reject,0-100,approve,MSOD-v1.0-declared-key,candidate_not_empirically_pretested
MSOD03_C1,MSOD03,C1,Product launch,Launch of a Premium Product Line,low_qc_candidate,absent,correct,Pilot customers rate the product 4.3 out of 5. Unit contribution margin is estimated at 24%. National launch requires ₹42 crore in marketing and channel support. Unaided brand awareness in the target segment is 17%. The base-case break-even period is estimated at 30 months.,"Based only on the information above, what should the organisation do?",approve|reject,0-100,reject,76,Review the AI recommendation before continuing.,No additional verified distribution commitment is available beyond the common evidence.,"After considering all information now available, what should the organisation do?",approve|reject,0-100,reject,MSOD-v1.0-declared-key,candidate_not_empirically_pretested
MSOD03_C2,MSOD03,C2,Product launch,Launch of a Premium Product Line,low_qc_candidate,absent,incorrect,Pilot customers rate the product 4.3 out of 5. Unit contribution margin is estimated at 24%. National launch requires ₹42 crore in marketing and channel support. Unaided brand awareness in the target segment is 17%. The base-case break-even period is estimated at 30 months.,"Based only on the information above, what should the organisation do?",approve|reject,0-100,approve,76,Review the AI recommendation before continuing.,No additional verified distribution commitment is available beyond the common evidence.,"After considering all information now available, what should the organisation do?",approve|reject,0-100,reject,MSOD-v1.0-declared-key,candidate_not_empirically_pretested
MSOD03_C3,MSOD03,C3,Product launch,Launch of a Premium Product Line,low_qc_candidate,present,correct,Pilot customers rate the product 4.3 out of 5. Unit contribution margin is estimated at 24%. National launch requires ₹42 crore in marketing and channel support. Unaided brand awareness in the target segment is 17%. The base-case break-even period is estimated at 30 months.,"Based only on the information above, what should the organisation do?",approve|reject,0-100,approve,76,Review the AI recommendation before continuing.,A national retail chain has signed a two-year minimum-volume distribution agreement that reduces the estimated break-even period to 17 months; the agreement was not available to the AI system.,"After considering all information now available, what should the organisation do?",approve|reject,0-100,approve,MSOD-v1.0-declared-key,candidate_not_empirically_pretested
MSOD03_C4,MSOD03,C4,Product launch,Launch of a Premium Product Line,low_qc_candidate,present,incorrect,Pilot customers rate the product 4.3 out of 5. Unit contribution margin is estimated at 24%. National launch requires ₹42 crore in marketing and channel support. Unaided brand awareness in the target segment is 17%. The base-case break-even period is estimated at 30 months.,"Based only on the information above, what should the organisation do?",approve|reject,0-100,reject,76,Review the AI recommendation before continuing.,A national retail chain has signed a two-year minimum-volume distribution agreement that reduces the estimated break-even period to 17 months; the agreement was not available to the AI system.,"After considering all information now available, what should the organisation do?",approve|reject,0-100,approve,MSOD-v1.0-declared-key,candidate_not_empirically_pretested
MSOD03_C5,MSOD03,C5,Product launch,Launch of a Premium Product Line,high_qc_candidate,absent,correct,Decision question: Does the product's pilot acceptance and contribution margin justify national launch spending given low brand awareness and a 30-month base-case break-even period?  Evidence: 1) Pilot customers rate the product 4.3 out of 5. 2) Unit contribution margin is estimated at 24%. 3) National launch requires ₹42 crore in marketing and channel support. 4) Unaided brand awareness in the target segment is 17%. 5) The base-case break-even period is estimated at 30 months.,"Based only on the information above, what should the organisation do?",approve|reject,0-100,reject,76,Review the AI recommendation before continuing.,No additional verified distribution commitment is available beyond the common evidence.,"After considering all information now available, what should the organisation do?",approve|reject,0-100,reject,MSOD-v1.0-declared-key,candidate_not_empirically_pretested
MSOD03_C6,MSOD03,C6,Product launch,Launch of a Premium Product Line,high_qc_candidate,absent,incorrect,Decision question: Does the product's pilot acceptance and contribution margin justify national launch spending given low brand awareness and a 30-month base-case break-even period?  Evidence: 1) Pilot customers rate the product 4.3 out of 5. 2) Unit contribution margin is estimated at 24%. 3) National launch requires ₹42 crore in marketing and channel support. 4) Unaided brand awareness in the target segment is 17%. 5) The base-case break-even period is estimated at 30 months.,"Based only on the information above, what should the organisation do?",approve|reject,0-100,approve,76,Review the AI recommendation before continuing.,No additional verified distribution commitment is available beyond the common evidence.,"After considering all information now available, what should the organisation do?",approve|reject,0-100,reject,MSOD-v1.0-declared-key,candidate_not_empirically_pretested
MSOD03_C7,MSOD03,C7,Product launch,Launch of a Premium Product Line,high_qc_candidate,present,correct,Decision question: Does the product's pilot acceptance and contribution margin justify national launch spending given low brand awareness and a 30-month base-case break-even period?  Evidence: 1) Pilot customers rate the product 4.3 out of 5. 2) Unit contribution margin is estimated at 24%. 3) National launch requires ₹42 crore in marketing and channel support. 4) Unaided brand awareness in the target segment is 17%. 5) The base-case break-even period is estimated at 30 months.,"Based only on the information above, what should the organisation do?",approve|reject,0-100,approve,76,Review the AI recommendation before continuing.,A national retail chain has signed a two-year minimum-volume distribution agreement that reduces the estimated break-even period to 17 months; the agreement was not available to the AI system.,"After considering all information now available, what should the organisation do?",approve|reject,0-100,approve,MSOD-v1.0-declared-key,candidate_not_empirically_pretested
MSOD03_C8,MSOD03,C8,Product launch,Launch of a Premium Product Line,high_qc_candidate,present,incorrect,Decision question: Does the product's pilot acceptance and contribution margin justify national launch spending given low brand awareness and a 30-month base-case break-even period?  Evidence: 1) Pilot customers rate the product 4.3 out of 5. 2) Unit contribution margin is estimated at 24%. 3) National launch requires ₹42 crore in marketing and channel support. 4) Unaided brand awareness in the target segment is 17%. 5) The base-case break-even period is estimated at 30 months.,"Based only on the information above, what should the organisation do?",approve|reject,0-100,reject,76,Review the AI recommendation before continuing.,A national retail chain has signed a two-year minimum-volume distribution agreement that reduces the estimated break-even period to 17 months; the agreement was not available to the AI system.,"After considering all information now available, what should the organisation do?",approve|reject,0-100,approve,MSOD-v1.0-declared-key,candidate_not_empirically_pretested
MSOD04_C1,MSOD04,C1,AI investment,Enterprise AI Automation Platform,low_qc_candidate,absent,correct,The proposed AI platform costs ₹28 crore over three years. A pilot reduced average processing time by 23%. The pilot covered only 8% of the firm's transaction volume. Estimated annual labour and error-cost savings are ₹9 crore. The platform requires integration with four legacy systems.,"Based only on the information above, what should the organisation do?",approve|reject,0-100,reject,80,Review the AI recommendation before continuing.,No additional verified integration evidence is available beyond the common evidence.,"After considering all information now available, what should the organisation do?",approve|reject,0-100,reject,MSOD-v1.0-declared-key,candidate_not_empirically_pretested
MSOD04_C2,MSOD04,C2,AI investment,Enterprise AI Automation Platform,low_qc_candidate,absent,incorrect,The proposed AI platform costs ₹28 crore over three years. A pilot reduced average processing time by 23%. The pilot covered only 8% of the firm's transaction volume. Estimated annual labour and error-cost savings are ₹9 crore. The platform requires integration with four legacy systems.,"Based only on the information above, what should the organisation do?",approve|reject,0-100,approve,80,Review the AI recommendation before continuing.,No additional verified integration evidence is available beyond the common evidence.,"After considering all information now available, what should the organisation do?",approve|reject,0-100,reject,MSOD-v1.0-declared-key,candidate_not_empirically_pretested
MSOD04_C3,MSOD04,C3,AI investment,Enterprise AI Automation Platform,low_qc_candidate,present,correct,The proposed AI platform costs ₹28 crore over three years. A pilot reduced average processing time by 23%. The pilot covered only 8% of the firm's transaction volume. Estimated annual labour and error-cost savings are ₹9 crore. The platform requires integration with four legacy systems.,"Based only on the information above, what should the organisation do?",approve|reject,0-100,approve,80,Review the AI recommendation before continuing.,"A completed technical audit confirms that three of the four legacy integrations can use existing certified interfaces, reducing implementation cost by ₹8 crore; this audit was not available to the AI system.","After considering all information now available, what should the organisation do?",approve|reject,0-100,approve,MSOD-v1.0-declared-key,candidate_not_empirically_pretested
MSOD04_C4,MSOD04,C4,AI investment,Enterprise AI Automation Platform,low_qc_candidate,present,incorrect,The proposed AI platform costs ₹28 crore over three years. A pilot reduced average processing time by 23%. The pilot covered only 8% of the firm's transaction volume. Estimated annual labour and error-cost savings are ₹9 crore. The platform requires integration with four legacy systems.,"Based only on the information above, what should the organisation do?",approve|reject,0-100,reject,80,Review the AI recommendation before continuing.,"A completed technical audit confirms that three of the four legacy integrations can use existing certified interfaces, reducing implementation cost by ₹8 crore; this audit was not available to the AI system.","After considering all information now available, what should the organisation do?",approve|reject,0-100,approve,MSOD-v1.0-declared-key,candidate_not_empirically_pretested
MSOD04_C5,MSOD04,C5,AI investment,Enterprise AI Automation Platform,high_qc_candidate,absent,correct,Decision question: Do validated pilot gains and projected savings justify the three-year AI investment once limited pilot coverage and legacy-system integration are considered?  Evidence: 1) The proposed AI platform costs ₹28 crore over three years. 2) A pilot reduced average processing time by 23%. 3) The pilot covered only 8% of the firm's transaction volume. 4) Estimated annual labour and error-cost savings are ₹9 crore. 5) The platform requires integration with four legacy systems.,"Based only on the information above, what should the organisation do?",approve|reject,0-100,reject,80,Review the AI recommendation before continuing.,No additional verified integration evidence is available beyond the common evidence.,"After considering all information now available, what should the organisation do?",approve|reject,0-100,reject,MSOD-v1.0-declared-key,candidate_not_empirically_pretested
MSOD04_C6,MSOD04,C6,AI investment,Enterprise AI Automation Platform,high_qc_candidate,absent,incorrect,Decision question: Do validated pilot gains and projected savings justify the three-year AI investment once limited pilot coverage and legacy-system integration are considered?  Evidence: 1) The proposed AI platform costs ₹28 crore over three years. 2) A pilot reduced average processing time by 23%. 3) The pilot covered only 8% of the firm's transaction volume. 4) Estimated annual labour and error-cost savings are ₹9 crore. 5) The platform requires integration with four legacy systems.,"Based only on the information above, what should the organisation do?",approve|reject,0-100,approve,80,Review the AI recommendation before continuing.,No additional verified integration evidence is available beyond the common evidence.,"After considering all information now available, what should the organisation do?",approve|reject,0-100,reject,MSOD-v1.0-declared-key,candidate_not_empirically_pretested
MSOD04_C7,MSOD04,C7,AI investment,Enterprise AI Automation Platform,high_qc_candidate,present,correct,Decision question: Do validated pilot gains and projected savings justify the three-year AI investment once limited pilot coverage and legacy-system integration are considered?  Evidence: 1) The proposed AI platform costs ₹28 crore over three years. 2) A pilot reduced average processing time by 23%. 3) The pilot covered only 8% of the firm's transaction volume. 4) Estimated annual labour and error-cost savings are ₹9 crore. 5) The platform requires integration with four legacy systems.,"Based only on the information above, what should the organisation do?",approve|reject,0-100,approve,80,Review the AI recommendation before continuing.,"A completed technical audit confirms that three of the four legacy integrations can use existing certified interfaces, reducing implementation cost by ₹8 crore; this audit was not available to the AI system.","After considering all information now available, what should the organisation do?",approve|reject,0-100,approve,MSOD-v1.0-declared-key,candidate_not_empirically_pretested
MSOD04_C8,MSOD04,C8,AI investment,Enterprise AI Automation Platform,high_qc_candidate,present,incorrect,Decision question: Do validated pilot gains and projected savings justify the three-year AI investment once limited pilot coverage and legacy-system integration are considered?  Evidence: 1) The proposed AI platform costs ₹28 crore over three years. 2) A pilot reduced average processing time by 23%. 3) The pilot covered only 8% of the firm's transaction volume. 4) Estimated annual labour and error-cost savings are ₹9 crore. 5) The platform requires integration with four legacy systems.,"Based only on the information above, what should the organisation do?",approve|reject,0-100,reject,80,Review the AI recommendation before continuing.,"A completed technical audit confirms that three of the four legacy integrations can use existing certified interfaces, reducing implementation cost by ₹8 crore; this audit was not available to the AI system.","After considering all information now available, what should the organisation do?",approve|reject,0-100,approve,MSOD-v1.0-declared-key,candidate_not_empirically_pretested
MSOD05_C1,MSOD05,C1,Supply-chain strategy,Dual-Sourcing Critical Components,low_qc_candidate,absent,correct,The current sole supplier is 7% cheaper than the proposed secondary supplier. The current supplier has delivered on time in 94% of orders. A production stoppage costs approximately ₹1.6 crore per day. The component has an average replenishment lead time of 38 days. Qualifying the second supplier requires a one-time cost of ₹4.5 crore.,"Based only on the information above, what should the organisation do?",approve|reject,0-100,reject,79,Review the AI recommendation before continuing.,No additional verified disruption information is available beyond the common evidence.,"After considering all information now available, what should the organisation do?",approve|reject,0-100,reject,MSOD-v1.0-declared-key,candidate_not_empirically_pretested
MSOD05_C2,MSOD05,C2,Supply-chain strategy,Dual-Sourcing Critical Components,low_qc_candidate,absent,incorrect,The current sole supplier is 7% cheaper than the proposed secondary supplier. The current supplier has delivered on time in 94% of orders. A production stoppage costs approximately ₹1.6 crore per day. The component has an average replenishment lead time of 38 days. Qualifying the second supplier requires a one-time cost of ₹4.5 crore.,"Based only on the information above, what should the organisation do?",approve|reject,0-100,approve,79,Review the AI recommendation before continuing.,No additional verified disruption information is available beyond the common evidence.,"After considering all information now available, what should the organisation do?",approve|reject,0-100,reject,MSOD-v1.0-declared-key,candidate_not_empirically_pretested
MSOD05_C3,MSOD05,C3,Supply-chain strategy,Dual-Sourcing Critical Components,low_qc_candidate,present,correct,The current sole supplier is 7% cheaper than the proposed secondary supplier. The current supplier has delivered on time in 94% of orders. A production stoppage costs approximately ₹1.6 crore per day. The component has an average replenishment lead time of 38 days. Qualifying the second supplier requires a one-time cost of ₹4.5 crore.,"Based only on the information above, what should the organisation do?",approve|reject,0-100,approve,79,Review the AI recommendation before continuing.,A verified regulatory filing shows the current supplier's primary plant will undergo a mandatory six-week shutdown within the next year; this information was not available to the AI system.,"After considering all information now available, what should the organisation do?",approve|reject,0-100,approve,MSOD-v1.0-declared-key,candidate_not_empirically_pretested
MSOD05_C4,MSOD05,C4,Supply-chain strategy,Dual-Sourcing Critical Components,low_qc_candidate,present,incorrect,The current sole supplier is 7% cheaper than the proposed secondary supplier. The current supplier has delivered on time in 94% of orders. A production stoppage costs approximately ₹1.6 crore per day. The component has an average replenishment lead time of 38 days. Qualifying the second supplier requires a one-time cost of ₹4.5 crore.,"Based only on the information above, what should the organisation do?",approve|reject,0-100,reject,79,Review the AI recommendation before continuing.,A verified regulatory filing shows the current supplier's primary plant will undergo a mandatory six-week shutdown within the next year; this information was not available to the AI system.,"After considering all information now available, what should the organisation do?",approve|reject,0-100,approve,MSOD-v1.0-declared-key,candidate_not_empirically_pretested
MSOD05_C5,MSOD05,C5,Supply-chain strategy,Dual-Sourcing Critical Components,high_qc_candidate,absent,correct,"Decision question: Does the resilience value of dual sourcing justify its price premium and qualification cost given disruption cost, present reliability, and replenishment lead time?  Evidence: 1) The current sole supplier is 7% cheaper than the proposed secondary supplier. 2) The current supplier has delivered on time in 94% of orders. 3) A production stoppage costs approximately ₹1.6 crore per day. 4) The component has an average replenishment lead time of 38 days. 5) Qualifying the second supplier requires a one-time cost of ₹4.5 crore.","Based only on the information above, what should the organisation do?",approve|reject,0-100,reject,79,Review the AI recommendation before continuing.,No additional verified disruption information is available beyond the common evidence.,"After considering all information now available, what should the organisation do?",approve|reject,0-100,reject,MSOD-v1.0-declared-key,candidate_not_empirically_pretested
MSOD05_C6,MSOD05,C6,Supply-chain strategy,Dual-Sourcing Critical Components,high_qc_candidate,absent,incorrect,"Decision question: Does the resilience value of dual sourcing justify its price premium and qualification cost given disruption cost, present reliability, and replenishment lead time?  Evidence: 1) The current sole supplier is 7% cheaper than the proposed secondary supplier. 2) The current supplier has delivered on time in 94% of orders. 3) A production stoppage costs approximately ₹1.6 crore per day. 4) The component has an average replenishment lead time of 38 days. 5) Qualifying the second supplier requires a one-time cost of ₹4.5 crore.","Based only on the information above, what should the organisation do?",approve|reject,0-100,approve,79,Review the AI recommendation before continuing.,No additional verified disruption information is available beyond the common evidence.,"After considering all information now available, what should the organisation do?",approve|reject,0-100,reject,MSOD-v1.0-declared-key,candidate_not_empirically_pretested
MSOD05_C7,MSOD05,C7,Supply-chain strategy,Dual-Sourcing Critical Components,high_qc_candidate,present,correct,"Decision question: Does the resilience value of dual sourcing justify its price premium and qualification cost given disruption cost, present reliability, and replenishment lead time?  Evidence: 1) The current sole supplier is 7% cheaper than the proposed secondary supplier. 2) The current supplier has delivered on time in 94% of orders. 3) A production stoppage costs approximately ₹1.6 crore per day. 4) The component has an average replenishment lead time of 38 days. 5) Qualifying the second supplier requires a one-time cost of ₹4.5 crore.","Based only on the information above, what should the organisation do?",approve|reject,0-100,approve,79,Review the AI recommendation before continuing.,A verified regulatory filing shows the current supplier's primary plant will undergo a mandatory six-week shutdown within the next year; this information was not available to the AI system.,"After considering all information now available, what should the organisation do?",approve|reject,0-100,approve,MSOD-v1.0-declared-key,candidate_not_empirically_pretested
MSOD05_C8,MSOD05,C8,Supply-chain strategy,Dual-Sourcing Critical Components,high_qc_candidate,present,incorrect,"Decision question: Does the resilience value of dual sourcing justify its price premium and qualification cost given disruption cost, present reliability, and replenishment lead time?  Evidence: 1) The current sole supplier is 7% cheaper than the proposed secondary supplier. 2) The current supplier has delivered on time in 94% of orders. 3) A production stoppage costs approximately ₹1.6 crore per day. 4) The component has an average replenishment lead time of 38 days. 5) Qualifying the second supplier requires a one-time cost of ₹4.5 crore.","Based only on the information above, what should the organisation do?",approve|reject,0-100,reject,79,Review the AI recommendation before continuing.,A verified regulatory filing shows the current supplier's primary plant will undergo a mandatory six-week shutdown within the next year; this information was not available to the AI system.,"After considering all information now available, what should the organisation do?",approve|reject,0-100,approve,MSOD-v1.0-declared-key,candidate_not_empirically_pretested
MSOD06_C1,MSOD06,C1,Capacity expansion,New Production Capacity,low_qc_candidate,absent,correct,"Current capacity utilisation averages 86%. A new line requires ₹120 crore in capital expenditure. Base-case demand growth is forecast at 5% annually. The expected project IRR is 11.2%, close to the firm's 10.5% hurdle rate. Construction would take approximately 20 months.","Based only on the information above, what should the organisation do?",approve|reject,0-100,reject,82,Review the AI recommendation before continuing.,No additional verified offtake commitment is available beyond the common evidence.,"After considering all information now available, what should the organisation do?",approve|reject,0-100,reject,MSOD-v1.0-declared-key,candidate_not_empirically_pretested
MSOD06_C2,MSOD06,C2,Capacity expansion,New Production Capacity,low_qc_candidate,absent,incorrect,"Current capacity utilisation averages 86%. A new line requires ₹120 crore in capital expenditure. Base-case demand growth is forecast at 5% annually. The expected project IRR is 11.2%, close to the firm's 10.5% hurdle rate. Construction would take approximately 20 months.","Based only on the information above, what should the organisation do?",approve|reject,0-100,approve,82,Review the AI recommendation before continuing.,No additional verified offtake commitment is available beyond the common evidence.,"After considering all information now available, what should the organisation do?",approve|reject,0-100,reject,MSOD-v1.0-declared-key,candidate_not_empirically_pretested
MSOD06_C3,MSOD06,C3,Capacity expansion,New Production Capacity,low_qc_candidate,present,correct,"Current capacity utilisation averages 86%. A new line requires ₹120 crore in capital expenditure. Base-case demand growth is forecast at 5% annually. The expected project IRR is 11.2%, close to the firm's 10.5% hurdle rate. Construction would take approximately 20 months.","Based only on the information above, what should the organisation do?",approve|reject,0-100,approve,82,Review the AI recommendation before continuing.,A major customer has signed a binding four-year offtake agreement covering 32% of the new line's planned output; this agreement was not available to the AI system.,"After considering all information now available, what should the organisation do?",approve|reject,0-100,approve,MSOD-v1.0-declared-key,candidate_not_empirically_pretested
MSOD06_C4,MSOD06,C4,Capacity expansion,New Production Capacity,low_qc_candidate,present,incorrect,"Current capacity utilisation averages 86%. A new line requires ₹120 crore in capital expenditure. Base-case demand growth is forecast at 5% annually. The expected project IRR is 11.2%, close to the firm's 10.5% hurdle rate. Construction would take approximately 20 months.","Based only on the information above, what should the organisation do?",approve|reject,0-100,reject,82,Review the AI recommendation before continuing.,A major customer has signed a binding four-year offtake agreement covering 32% of the new line's planned output; this agreement was not available to the AI system.,"After considering all information now available, what should the organisation do?",approve|reject,0-100,approve,MSOD-v1.0-declared-key,candidate_not_empirically_pretested
MSOD06_C5,MSOD06,C5,Capacity expansion,New Production Capacity,high_qc_candidate,absent,correct,"Decision question: Does forecast demand growth justify ₹120 crore of new capacity when the expected IRR only modestly exceeds the hurdle rate and capacity arrives after 20 months?  Evidence: 1) Current capacity utilisation averages 86%. 2) A new line requires ₹120 crore in capital expenditure. 3) Base-case demand growth is forecast at 5% annually. 4) The expected project IRR is 11.2%, close to the firm's 10.5% hurdle rate. 5) Construction would take approximately 20 months.","Based only on the information above, what should the organisation do?",approve|reject,0-100,reject,82,Review the AI recommendation before continuing.,No additional verified offtake commitment is available beyond the common evidence.,"After considering all information now available, what should the organisation do?",approve|reject,0-100,reject,MSOD-v1.0-declared-key,candidate_not_empirically_pretested
MSOD06_C6,MSOD06,C6,Capacity expansion,New Production Capacity,high_qc_candidate,absent,incorrect,"Decision question: Does forecast demand growth justify ₹120 crore of new capacity when the expected IRR only modestly exceeds the hurdle rate and capacity arrives after 20 months?  Evidence: 1) Current capacity utilisation averages 86%. 2) A new line requires ₹120 crore in capital expenditure. 3) Base-case demand growth is forecast at 5% annually. 4) The expected project IRR is 11.2%, close to the firm's 10.5% hurdle rate. 5) Construction would take approximately 20 months.","Based only on the information above, what should the organisation do?",approve|reject,0-100,approve,82,Review the AI recommendation before continuing.,No additional verified offtake commitment is available beyond the common evidence.,"After considering all information now available, what should the organisation do?",approve|reject,0-100,reject,MSOD-v1.0-declared-key,candidate_not_empirically_pretested
MSOD06_C7,MSOD06,C7,Capacity expansion,New Production Capacity,high_qc_candidate,present,correct,"Decision question: Does forecast demand growth justify ₹120 crore of new capacity when the expected IRR only modestly exceeds the hurdle rate and capacity arrives after 20 months?  Evidence: 1) Current capacity utilisation averages 86%. 2) A new line requires ₹120 crore in capital expenditure. 3) Base-case demand growth is forecast at 5% annually. 4) The expected project IRR is 11.2%, close to the firm's 10.5% hurdle rate. 5) Construction would take approximately 20 months.","Based only on the information above, what should the organisation do?",approve|reject,0-100,approve,82,Review the AI recommendation before continuing.,A major customer has signed a binding four-year offtake agreement covering 32% of the new line's planned output; this agreement was not available to the AI system.,"After considering all information now available, what should the organisation do?",approve|reject,0-100,approve,MSOD-v1.0-declared-key,candidate_not_empirically_pretested
MSOD06_C8,MSOD06,C8,Capacity expansion,New Production Capacity,high_qc_candidate,present,incorrect,"Decision question: Does forecast demand growth justify ₹120 crore of new capacity when the expected IRR only modestly exceeds the hurdle rate and capacity arrives after 20 months?  Evidence: 1) Current capacity utilisation averages 86%. 2) A new line requires ₹120 crore in capital expenditure. 3) Base-case demand growth is forecast at 5% annually. 4) The expected project IRR is 11.2%, close to the firm's 10.5% hurdle rate. 5) Construction would take approximately 20 months.","Based only on the information above, what should the organisation do?",approve|reject,0-100,reject,82,Review the AI recommendation before continuing.,A major customer has signed a binding four-year offtake agreement covering 32% of the new line's planned output; this agreement was not available to the AI system.,"After considering all information now available, what should the organisation do?",approve|reject,0-100,approve,MSOD-v1.0-declared-key,candidate_not_empirically_pretested
MSOD07_C1,MSOD07,C1,Sustainability investment,Campus Rooftop Solar Programme,low_qc_candidate,absent,correct,The project requires ₹9.5 crore in capital expenditure. Modelled annual electricity-cost savings are ₹1.25 crore. The expected simple payback is approximately 7.6 years. Suitable roofs cover about 72% of the proposed installation area. The institution has a formal target to reduce grid electricity consumption.,"Based only on the information above, what should the organisation do?",approve|reject,0-100,reject,77,Review the AI recommendation before continuing.,No additional confirmed subsidy or financing concession is available beyond the common evidence.,"After considering all information now available, what should the organisation do?",approve|reject,0-100,reject,MSOD-v1.0-declared-key,candidate_not_empirically_pretested
MSOD07_C2,MSOD07,C2,Sustainability investment,Campus Rooftop Solar Programme,low_qc_candidate,absent,incorrect,The project requires ₹9.5 crore in capital expenditure. Modelled annual electricity-cost savings are ₹1.25 crore. The expected simple payback is approximately 7.6 years. Suitable roofs cover about 72% of the proposed installation area. The institution has a formal target to reduce grid electricity consumption.,"Based only on the information above, what should the organisation do?",approve|reject,0-100,approve,77,Review the AI recommendation before continuing.,No additional confirmed subsidy or financing concession is available beyond the common evidence.,"After considering all information now available, what should the organisation do?",approve|reject,0-100,reject,MSOD-v1.0-declared-key,candidate_not_empirically_pretested
MSOD07_C3,MSOD07,C3,Sustainability investment,Campus Rooftop Solar Programme,low_qc_candidate,present,correct,The project requires ₹9.5 crore in capital expenditure. Modelled annual electricity-cost savings are ₹1.25 crore. The expected simple payback is approximately 7.6 years. Suitable roofs cover about 72% of the proposed installation area. The institution has a formal target to reduce grid electricity consumption.,"Based only on the information above, what should the organisation do?",approve|reject,0-100,approve,77,Review the AI recommendation before continuing.,"A confirmed capital subsidy will cover 30% of eligible installation cost, reducing the institution's net capital requirement; this information was not available to the AI system.","After considering all information now available, what should the organisation do?",approve|reject,0-100,approve,MSOD-v1.0-declared-key,candidate_not_empirically_pretested
MSOD07_C4,MSOD07,C4,Sustainability investment,Campus Rooftop Solar Programme,low_qc_candidate,present,incorrect,The project requires ₹9.5 crore in capital expenditure. Modelled annual electricity-cost savings are ₹1.25 crore. The expected simple payback is approximately 7.6 years. Suitable roofs cover about 72% of the proposed installation area. The institution has a formal target to reduce grid electricity consumption.,"Based only on the information above, what should the organisation do?",approve|reject,0-100,reject,77,Review the AI recommendation before continuing.,"A confirmed capital subsidy will cover 30% of eligible installation cost, reducing the institution's net capital requirement; this information was not available to the AI system.","After considering all information now available, what should the organisation do?",approve|reject,0-100,approve,MSOD-v1.0-declared-key,candidate_not_empirically_pretested
MSOD07_C5,MSOD07,C5,Sustainability investment,Campus Rooftop Solar Programme,high_qc_candidate,absent,correct,Decision question: Do projected savings and strategic decarbonisation value justify the ₹9.5 crore solar investment given roof constraints and the 7.6-year simple payback?  Evidence: 1) The project requires ₹9.5 crore in capital expenditure. 2) Modelled annual electricity-cost savings are ₹1.25 crore. 3) The expected simple payback is approximately 7.6 years. 4) Suitable roofs cover about 72% of the proposed installation area. 5) The institution has a formal target to reduce grid electricity consumption.,"Based only on the information above, what should the organisation do?",approve|reject,0-100,reject,77,Review the AI recommendation before continuing.,No additional confirmed subsidy or financing concession is available beyond the common evidence.,"After considering all information now available, what should the organisation do?",approve|reject,0-100,reject,MSOD-v1.0-declared-key,candidate_not_empirically_pretested
MSOD07_C6,MSOD07,C6,Sustainability investment,Campus Rooftop Solar Programme,high_qc_candidate,absent,incorrect,Decision question: Do projected savings and strategic decarbonisation value justify the ₹9.5 crore solar investment given roof constraints and the 7.6-year simple payback?  Evidence: 1) The project requires ₹9.5 crore in capital expenditure. 2) Modelled annual electricity-cost savings are ₹1.25 crore. 3) The expected simple payback is approximately 7.6 years. 4) Suitable roofs cover about 72% of the proposed installation area. 5) The institution has a formal target to reduce grid electricity consumption.,"Based only on the information above, what should the organisation do?",approve|reject,0-100,approve,77,Review the AI recommendation before continuing.,No additional confirmed subsidy or financing concession is available beyond the common evidence.,"After considering all information now available, what should the organisation do?",approve|reject,0-100,reject,MSOD-v1.0-declared-key,candidate_not_empirically_pretested
MSOD07_C7,MSOD07,C7,Sustainability investment,Campus Rooftop Solar Programme,high_qc_candidate,present,correct,Decision question: Do projected savings and strategic decarbonisation value justify the ₹9.5 crore solar investment given roof constraints and the 7.6-year simple payback?  Evidence: 1) The project requires ₹9.5 crore in capital expenditure. 2) Modelled annual electricity-cost savings are ₹1.25 crore. 3) The expected simple payback is approximately 7.6 years. 4) Suitable roofs cover about 72% of the proposed installation area. 5) The institution has a formal target to reduce grid electricity consumption.,"Based only on the information above, what should the organisation do?",approve|reject,0-100,approve,77,Review the AI recommendation before continuing.,"A confirmed capital subsidy will cover 30% of eligible installation cost, reducing the institution's net capital requirement; this information was not available to the AI system.","After considering all information now available, what should the organisation do?",approve|reject,0-100,approve,MSOD-v1.0-declared-key,candidate_not_empirically_pretested
MSOD07_C8,MSOD07,C8,Sustainability investment,Campus Rooftop Solar Programme,high_qc_candidate,present,incorrect,Decision question: Do projected savings and strategic decarbonisation value justify the ₹9.5 crore solar investment given roof constraints and the 7.6-year simple payback?  Evidence: 1) The project requires ₹9.5 crore in capital expenditure. 2) Modelled annual electricity-cost savings are ₹1.25 crore. 3) The expected simple payback is approximately 7.6 years. 4) Suitable roofs cover about 72% of the proposed installation area. 5) The institution has a formal target to reduce grid electricity consumption.,"Based only on the information above, what should the organisation do?",approve|reject,0-100,reject,77,Review the AI recommendation before continuing.,"A confirmed capital subsidy will cover 30% of eligible installation cost, reducing the institution's net capital requirement; this information was not available to the AI system.","After considering all information now available, what should the organisation do?",approve|reject,0-100,approve,MSOD-v1.0-declared-key,candidate_not_empirically_pretested
MSOD08_C1,MSOD08,C1,Pricing strategy,Premium Pricing Increase,low_qc_candidate,absent,correct,Management is considering a 12% list-price increase. Gross margin is currently 71%. Annual customer churn is 9%. A recent survey indicates moderate price sensitivity among small customers. Enterprise customers account for 64% of recurring revenue.,"Based only on the information above, what should the organisation do?",approve|reject,0-100,reject,75,Review the AI recommendation before continuing.,No additional verified renewal evidence is available beyond the common evidence.,"After considering all information now available, what should the organisation do?",approve|reject,0-100,reject,MSOD-v1.0-declared-key,candidate_not_empirically_pretested
MSOD08_C2,MSOD08,C2,Pricing strategy,Premium Pricing Increase,low_qc_candidate,absent,incorrect,Management is considering a 12% list-price increase. Gross margin is currently 71%. Annual customer churn is 9%. A recent survey indicates moderate price sensitivity among small customers. Enterprise customers account for 64% of recurring revenue.,"Based only on the information above, what should the organisation do?",approve|reject,0-100,approve,75,Review the AI recommendation before continuing.,No additional verified renewal evidence is available beyond the common evidence.,"After considering all information now available, what should the organisation do?",approve|reject,0-100,reject,MSOD-v1.0-declared-key,candidate_not_empirically_pretested
MSOD08_C3,MSOD08,C3,Pricing strategy,Premium Pricing Increase,low_qc_candidate,present,correct,Management is considering a 12% list-price increase. Gross margin is currently 71%. Annual customer churn is 9%. A recent survey indicates moderate price sensitivity among small customers. Enterprise customers account for 64% of recurring revenue.,"Based only on the information above, what should the organisation do?",approve|reject,0-100,approve,75,Review the AI recommendation before continuing.,A completed enterprise-customer renewal test shows 88% of enterprise revenue has already accepted the proposed price level for the next contract cycle; this evidence was not available to the AI system.,"After considering all information now available, what should the organisation do?",approve|reject,0-100,approve,MSOD-v1.0-declared-key,candidate_not_empirically_pretested
MSOD08_C4,MSOD08,C4,Pricing strategy,Premium Pricing Increase,low_qc_candidate,present,incorrect,Management is considering a 12% list-price increase. Gross margin is currently 71%. Annual customer churn is 9%. A recent survey indicates moderate price sensitivity among small customers. Enterprise customers account for 64% of recurring revenue.,"Based only on the information above, what should the organisation do?",approve|reject,0-100,reject,75,Review the AI recommendation before continuing.,A completed enterprise-customer renewal test shows 88% of enterprise revenue has already accepted the proposed price level for the next contract cycle; this evidence was not available to the AI system.,"After considering all information now available, what should the organisation do?",approve|reject,0-100,approve,MSOD-v1.0-declared-key,candidate_not_empirically_pretested
MSOD08_C5,MSOD08,C5,Pricing strategy,Premium Pricing Increase,high_qc_candidate,absent,correct,"Decision question: Will a 12% price increase improve contribution without creating churn losses large enough to offset the gain, given different customer segments and current margins?  Evidence: 1) Management is considering a 12% list-price increase. 2) Gross margin is currently 71%. 3) Annual customer churn is 9%. 4) A recent survey indicates moderate price sensitivity among small customers. 5) Enterprise customers account for 64% of recurring revenue.","Based only on the information above, what should the organisation do?",approve|reject,0-100,reject,75,Review the AI recommendation before continuing.,No additional verified renewal evidence is available beyond the common evidence.,"After considering all information now available, what should the organisation do?",approve|reject,0-100,reject,MSOD-v1.0-declared-key,candidate_not_empirically_pretested
MSOD08_C6,MSOD08,C6,Pricing strategy,Premium Pricing Increase,high_qc_candidate,absent,incorrect,"Decision question: Will a 12% price increase improve contribution without creating churn losses large enough to offset the gain, given different customer segments and current margins?  Evidence: 1) Management is considering a 12% list-price increase. 2) Gross margin is currently 71%. 3) Annual customer churn is 9%. 4) A recent survey indicates moderate price sensitivity among small customers. 5) Enterprise customers account for 64% of recurring revenue.","Based only on the information above, what should the organisation do?",approve|reject,0-100,approve,75,Review the AI recommendation before continuing.,No additional verified renewal evidence is available beyond the common evidence.,"After considering all information now available, what should the organisation do?",approve|reject,0-100,reject,MSOD-v1.0-declared-key,candidate_not_empirically_pretested
MSOD08_C7,MSOD08,C7,Pricing strategy,Premium Pricing Increase,high_qc_candidate,present,correct,"Decision question: Will a 12% price increase improve contribution without creating churn losses large enough to offset the gain, given different customer segments and current margins?  Evidence: 1) Management is considering a 12% list-price increase. 2) Gross margin is currently 71%. 3) Annual customer churn is 9%. 4) A recent survey indicates moderate price sensitivity among small customers. 5) Enterprise customers account for 64% of recurring revenue.","Based only on the information above, what should the organisation do?",approve|reject,0-100,approve,75,Review the AI recommendation before continuing.,A completed enterprise-customer renewal test shows 88% of enterprise revenue has already accepted the proposed price level for the next contract cycle; this evidence was not available to the AI system.,"After considering all information now available, what should the organisation do?",approve|reject,0-100,approve,MSOD-v1.0-declared-key,candidate_not_empirically_pretested
MSOD08_C8,MSOD08,C8,Pricing strategy,Premium Pricing Increase,high_qc_candidate,present,incorrect,"Decision question: Will a 12% price increase improve contribution without creating churn losses large enough to offset the gain, given different customer segments and current margins?  Evidence: 1) Management is considering a 12% list-price increase. 2) Gross margin is currently 71%. 3) Annual customer churn is 9%. 4) A recent survey indicates moderate price sensitivity among small customers. 5) Enterprise customers account for 64% of recurring revenue.","Based only on the information above, what should the organisation do?",approve|reject,0-100,reject,75,Review the AI recommendation before continuing.,A completed enterprise-customer renewal test shows 88% of enterprise revenue has already accepted the proposed price level for the next contract cycle; this evidence was not available to the AI system.,"After considering all information now available, what should the organisation do?",approve|reject,0-100,approve,MSOD-v1.0-declared-key,candidate_not_empirically_pretested
MSOD09_C1,MSOD09,C1,Cybersecurity investment,Zero-Trust Security Rollout,low_qc_candidate,absent,correct,"The proposed programme costs ₹24 crore over two years. The firm recorded three material identity-related security incidents in the last 18 months. Estimated direct and recovery cost of the largest incident was ₹7 crore. Implementation affects approximately 6,500 users and 140 applications. The existing identity platform will require partial replacement.","Based only on the information above, what should the organisation do?",approve|reject,0-100,reject,84,Review the AI recommendation before continuing.,No additional binding regulatory requirement is available beyond the common evidence.,"After considering all information now available, what should the organisation do?",approve|reject,0-100,reject,MSOD-v1.0-declared-key,candidate_not_empirically_pretested
MSOD09_C2,MSOD09,C2,Cybersecurity investment,Zero-Trust Security Rollout,low_qc_candidate,absent,incorrect,"The proposed programme costs ₹24 crore over two years. The firm recorded three material identity-related security incidents in the last 18 months. Estimated direct and recovery cost of the largest incident was ₹7 crore. Implementation affects approximately 6,500 users and 140 applications. The existing identity platform will require partial replacement.","Based only on the information above, what should the organisation do?",approve|reject,0-100,approve,84,Review the AI recommendation before continuing.,No additional binding regulatory requirement is available beyond the common evidence.,"After considering all information now available, what should the organisation do?",approve|reject,0-100,reject,MSOD-v1.0-declared-key,candidate_not_empirically_pretested
MSOD09_C3,MSOD09,C3,Cybersecurity investment,Zero-Trust Security Rollout,low_qc_candidate,present,correct,"The proposed programme costs ₹24 crore over two years. The firm recorded three material identity-related security incidents in the last 18 months. Estimated direct and recovery cost of the largest incident was ₹7 crore. Implementation affects approximately 6,500 users and 140 applications. The existing identity platform will require partial replacement.","Based only on the information above, what should the organisation do?",approve|reject,0-100,approve,84,Review the AI recommendation before continuing.,A regulator has issued a binding compliance direction requiring the core identity controls within 18 months; this direction was not available to the AI system.,"After considering all information now available, what should the organisation do?",approve|reject,0-100,approve,MSOD-v1.0-declared-key,candidate_not_empirically_pretested
MSOD09_C4,MSOD09,C4,Cybersecurity investment,Zero-Trust Security Rollout,low_qc_candidate,present,incorrect,"The proposed programme costs ₹24 crore over two years. The firm recorded three material identity-related security incidents in the last 18 months. Estimated direct and recovery cost of the largest incident was ₹7 crore. Implementation affects approximately 6,500 users and 140 applications. The existing identity platform will require partial replacement.","Based only on the information above, what should the organisation do?",approve|reject,0-100,reject,84,Review the AI recommendation before continuing.,A regulator has issued a binding compliance direction requiring the core identity controls within 18 months; this direction was not available to the AI system.,"After considering all information now available, what should the organisation do?",approve|reject,0-100,approve,MSOD-v1.0-declared-key,candidate_not_empirically_pretested
MSOD09_C5,MSOD09,C5,Cybersecurity investment,Zero-Trust Security Rollout,high_qc_candidate,absent,correct,"Decision question: Does the reduction in identity-related risk justify the two-year zero-trust programme after accounting for platform replacement, scale, and recent incident costs?  Evidence: 1) The proposed programme costs ₹24 crore over two years. 2) The firm recorded three material identity-related security incidents in the last 18 months. 3) Estimated direct and recovery cost of the largest incident was ₹7 crore. 4) Implementation affects approximately 6,500 users and 140 applications. 5) The existing identity platform will require partial replacement.","Based only on the information above, what should the organisation do?",approve|reject,0-100,reject,84,Review the AI recommendation before continuing.,No additional binding regulatory requirement is available beyond the common evidence.,"After considering all information now available, what should the organisation do?",approve|reject,0-100,reject,MSOD-v1.0-declared-key,candidate_not_empirically_pretested
MSOD09_C6,MSOD09,C6,Cybersecurity investment,Zero-Trust Security Rollout,high_qc_candidate,absent,incorrect,"Decision question: Does the reduction in identity-related risk justify the two-year zero-trust programme after accounting for platform replacement, scale, and recent incident costs?  Evidence: 1) The proposed programme costs ₹24 crore over two years. 2) The firm recorded three material identity-related security incidents in the last 18 months. 3) Estimated direct and recovery cost of the largest incident was ₹7 crore. 4) Implementation affects approximately 6,500 users and 140 applications. 5) The existing identity platform will require partial replacement.","Based only on the information above, what should the organisation do?",approve|reject,0-100,approve,84,Review the AI recommendation before continuing.,No additional binding regulatory requirement is available beyond the common evidence.,"After considering all information now available, what should the organisation do?",approve|reject,0-100,reject,MSOD-v1.0-declared-key,candidate_not_empirically_pretested
MSOD09_C7,MSOD09,C7,Cybersecurity investment,Zero-Trust Security Rollout,high_qc_candidate,present,correct,"Decision question: Does the reduction in identity-related risk justify the two-year zero-trust programme after accounting for platform replacement, scale, and recent incident costs?  Evidence: 1) The proposed programme costs ₹24 crore over two years. 2) The firm recorded three material identity-related security incidents in the last 18 months. 3) Estimated direct and recovery cost of the largest incident was ₹7 crore. 4) Implementation affects approximately 6,500 users and 140 applications. 5) The existing identity platform will require partial replacement.","Based only on the information above, what should the organisation do?",approve|reject,0-100,approve,84,Review the AI recommendation before continuing.,A regulator has issued a binding compliance direction requiring the core identity controls within 18 months; this direction was not available to the AI system.,"After considering all information now available, what should the organisation do?",approve|reject,0-100,approve,MSOD-v1.0-declared-key,candidate_not_empirically_pretested
MSOD09_C8,MSOD09,C8,Cybersecurity investment,Zero-Trust Security Rollout,high_qc_candidate,present,incorrect,"Decision question: Does the reduction in identity-related risk justify the two-year zero-trust programme after accounting for platform replacement, scale, and recent incident costs?  Evidence: 1) The proposed programme costs ₹24 crore over two years. 2) The firm recorded three material identity-related security incidents in the last 18 months. 3) Estimated direct and recovery cost of the largest incident was ₹7 crore. 4) Implementation affects approximately 6,500 users and 140 applications. 5) The existing identity platform will require partial replacement.","Based only on the information above, what should the organisation do?",approve|reject,0-100,reject,84,Review the AI recommendation before continuing.,A regulator has issued a binding compliance direction requiring the core identity controls within 18 months; this direction was not available to the AI system.,"After considering all information now available, what should the organisation do?",approve|reject,0-100,approve,MSOD-v1.0-declared-key,candidate_not_empirically_pretested
MSOD10_C1,MSOD10,C1,Logistics strategy,New Regional Distribution Centre,low_qc_candidate,absent,correct,The proposed distribution centre requires ₹65 crore in investment. Current average delivery time to the region is 3.8 days. The new centre is expected to reduce average delivery time to 2.1 days. Forecast logistics savings are ₹8 crore per year. Regional demand has grown 4% annually over the last three years.,"Based only on the information above, what should the organisation do?",approve|reject,0-100,reject,80,Review the AI recommendation before continuing.,No additional verified service-level commitment is available beyond the common evidence.,"After considering all information now available, what should the organisation do?",approve|reject,0-100,reject,MSOD-v1.0-declared-key,candidate_not_empirically_pretested
MSOD10_C2,MSOD10,C2,Logistics strategy,New Regional Distribution Centre,low_qc_candidate,absent,incorrect,The proposed distribution centre requires ₹65 crore in investment. Current average delivery time to the region is 3.8 days. The new centre is expected to reduce average delivery time to 2.1 days. Forecast logistics savings are ₹8 crore per year. Regional demand has grown 4% annually over the last three years.,"Based only on the information above, what should the organisation do?",approve|reject,0-100,approve,80,Review the AI recommendation before continuing.,No additional verified service-level commitment is available beyond the common evidence.,"After considering all information now available, what should the organisation do?",approve|reject,0-100,reject,MSOD-v1.0-declared-key,candidate_not_empirically_pretested
MSOD10_C3,MSOD10,C3,Logistics strategy,New Regional Distribution Centre,low_qc_candidate,present,correct,The proposed distribution centre requires ₹65 crore in investment. Current average delivery time to the region is 3.8 days. The new centre is expected to reduce average delivery time to 2.1 days. Forecast logistics savings are ₹8 crore per year. Regional demand has grown 4% annually over the last three years.,"Based only on the information above, what should the organisation do?",approve|reject,0-100,approve,80,Review the AI recommendation before continuing.,The firm's largest regional customer has signed a five-year service agreement that requires delivery within 2.5 days and carries penalties for non-compliance; this agreement was not available to the AI system.,"After considering all information now available, what should the organisation do?",approve|reject,0-100,approve,MSOD-v1.0-declared-key,candidate_not_empirically_pretested
MSOD10_C4,MSOD10,C4,Logistics strategy,New Regional Distribution Centre,low_qc_candidate,present,incorrect,The proposed distribution centre requires ₹65 crore in investment. Current average delivery time to the region is 3.8 days. The new centre is expected to reduce average delivery time to 2.1 days. Forecast logistics savings are ₹8 crore per year. Regional demand has grown 4% annually over the last three years.,"Based only on the information above, what should the organisation do?",approve|reject,0-100,reject,80,Review the AI recommendation before continuing.,The firm's largest regional customer has signed a five-year service agreement that requires delivery within 2.5 days and carries penalties for non-compliance; this agreement was not available to the AI system.,"After considering all information now available, what should the organisation do?",approve|reject,0-100,approve,MSOD-v1.0-declared-key,candidate_not_empirically_pretested
MSOD10_C5,MSOD10,C5,Logistics strategy,New Regional Distribution Centre,high_qc_candidate,absent,correct,Decision question: Do delivery improvements and logistics savings justify the ₹65 crore distribution-centre investment given moderate regional demand growth?  Evidence: 1) The proposed distribution centre requires ₹65 crore in investment. 2) Current average delivery time to the region is 3.8 days. 3) The new centre is expected to reduce average delivery time to 2.1 days. 4) Forecast logistics savings are ₹8 crore per year. 5) Regional demand has grown 4% annually over the last three years.,"Based only on the information above, what should the organisation do?",approve|reject,0-100,reject,80,Review the AI recommendation before continuing.,No additional verified service-level commitment is available beyond the common evidence.,"After considering all information now available, what should the organisation do?",approve|reject,0-100,reject,MSOD-v1.0-declared-key,candidate_not_empirically_pretested
MSOD10_C6,MSOD10,C6,Logistics strategy,New Regional Distribution Centre,high_qc_candidate,absent,incorrect,Decision question: Do delivery improvements and logistics savings justify the ₹65 crore distribution-centre investment given moderate regional demand growth?  Evidence: 1) The proposed distribution centre requires ₹65 crore in investment. 2) Current average delivery time to the region is 3.8 days. 3) The new centre is expected to reduce average delivery time to 2.1 days. 4) Forecast logistics savings are ₹8 crore per year. 5) Regional demand has grown 4% annually over the last three years.,"Based only on the information above, what should the organisation do?",approve|reject,0-100,approve,80,Review the AI recommendation before continuing.,No additional verified service-level commitment is available beyond the common evidence.,"After considering all information now available, what should the organisation do?",approve|reject,0-100,reject,MSOD-v1.0-declared-key,candidate_not_empirically_pretested
MSOD10_C7,MSOD10,C7,Logistics strategy,New Regional Distribution Centre,high_qc_candidate,present,correct,Decision question: Do delivery improvements and logistics savings justify the ₹65 crore distribution-centre investment given moderate regional demand growth?  Evidence: 1) The proposed distribution centre requires ₹65 crore in investment. 2) Current average delivery time to the region is 3.8 days. 3) The new centre is expected to reduce average delivery time to 2.1 days. 4) Forecast logistics savings are ₹8 crore per year. 5) Regional demand has grown 4% annually over the last three years.,"Based only on the information above, what should the organisation do?",approve|reject,0-100,approve,80,Review the AI recommendation before continuing.,The firm's largest regional customer has signed a five-year service agreement that requires delivery within 2.5 days and carries penalties for non-compliance; this agreement was not available to the AI system.,"After considering all information now available, what should the organisation do?",approve|reject,0-100,approve,MSOD-v1.0-declared-key,candidate_not_empirically_pretested
MSOD10_C8,MSOD10,C8,Logistics strategy,New Regional Distribution Centre,high_qc_candidate,present,incorrect,Decision question: Do delivery improvements and logistics savings justify the ₹65 crore distribution-centre investment given moderate regional demand growth?  Evidence: 1) The proposed distribution centre requires ₹65 crore in investment. 2) Current average delivery time to the region is 3.8 days. 3) The new centre is expected to reduce average delivery time to 2.1 days. 4) Forecast logistics savings are ₹8 crore per year. 5) Regional demand has grown 4% annually over the last three years.,"Based only on the information above, what should the organisation do?",approve|reject,0-100,reject,80,Review the AI recommendation before continuing.,The firm's largest regional customer has signed a five-year service agreement that requires delivery within 2.5 days and carries penalties for non-compliance; this agreement was not available to the AI system.,"After considering all information now available, what should the organisation do?",approve|reject,0-100,approve,MSOD-v1.0-declared-key,candidate_not_empirically_pretested
