case_id,strategic_domain,case_title,organisation_context,common_evidence_low_qc_candidate,common_evidence_high_qc_candidate,high_qc_candidate_decision_question,exclusive_human_evidence_present,exclusive_human_evidence_absent,criterion_without_exclusive_evidence,criterion_with_exclusive_evidence,ai_confidence,qc_pretest_required
MSOD01,Market entry,Regional Market Entry,A mid-sized manufacturing firm,Demand in the target region is forecast to grow by 9% annually for the next three years. Entry requires an initial investment of ₹80 crore. Expected operating margin before financing is 11%. Two established competitors together hold about 58% of the market. The firm's existing distribution network can cover roughly 60% of the target region.,Decision question: Does the expected demand and operating margin justify the ₹80 crore entry cost after accounting for competitive pressure and distribution coverage?  Evidence: 1) Demand in the target region is forecast to grow by 9% annually for the next three years. 2) Entry requires an initial investment of ₹80 crore. 3) Expected operating margin before financing is 11%. 4) Two established competitors together hold about 58% of the market. 5) The firm's existing distribution network can cover roughly 60% of the target region.,Does the expected demand and operating margin justify the ₹80 crore entry cost after accounting for competitive pressure and distribution coverage?,"A formally approved state incentive will reimburse 35% of qualifying entry investment, and the approval was not available to the AI system.",No additional verified information affecting the entry economics is available beyond the common evidence.,reject,approve,78,1
MSOD02,Mergers and acquisitions,Acquisition of a Smaller Competitor,A national business-services company,The target has grown revenue by 14% annually over the last two years. The proposed purchase price is 11.5 times EBITDA. Customer concentration is high: the largest three customers contribute 46% of target revenue. Estimated annual cost synergies are ₹18 crore. Integration is expected to take 18 months.,"Decision question: Do expected growth and ₹18 crore annual synergies compensate for the acquisition multiple, customer concentration, and 18-month integration burden?  Evidence: 1) The target has grown revenue by 14% annually over the last two years. 2) The proposed purchase price is 11.5 times EBITDA. 3) Customer concentration is high: the largest three customers contribute 46% of target revenue. 4) Estimated annual cost synergies are ₹18 crore. 5) Integration is expected to take 18 months.","Do expected growth and ₹18 crore annual synergies compensate for the acquisition multiple, customer concentration, and 18-month integration burden?",A signed five-year renewal from the target's largest customer reduces projected concentration risk materially; this contract was not available to the AI system.,No additional verified contract or customer-retention information is available beyond the common evidence.,reject,approve,81,1
MSOD03,Product launch,Launch of a Premium Product Line,A consumer-products company,Pilot customers rate the product 4.3 out of 5. Unit contribution margin is estimated at 24%. National launch requires ₹42 crore in marketing and channel support. Unaided brand awareness in the target segment is 17%. The base-case break-even period is estimated at 30 months.,Decision question: Does the product's pilot acceptance and contribution margin justify national launch spending given low brand awareness and a 30-month base-case break-even period?  Evidence: 1) Pilot customers rate the product 4.3 out of 5. 2) Unit contribution margin is estimated at 24%. 3) National launch requires ₹42 crore in marketing and channel support. 4) Unaided brand awareness in the target segment is 17%. 5) The base-case break-even period is estimated at 30 months.,Does the product's pilot acceptance and contribution margin justify national launch spending given low brand awareness and a 30-month base-case break-even period?,A national retail chain has signed a two-year minimum-volume distribution agreement that reduces the estimated break-even period to 17 months; the agreement was not available to the AI system.,No additional verified distribution commitment is available beyond the common evidence.,reject,approve,76,1
MSOD04,AI investment,Enterprise AI Automation Platform,A diversified services firm,The proposed AI platform costs ₹28 crore over three years. A pilot reduced average processing time by 23%. The pilot covered only 8% of the firm's transaction volume. Estimated annual labour and error-cost savings are ₹9 crore. The platform requires integration with four legacy systems.,Decision question: Do validated pilot gains and projected savings justify the three-year AI investment once limited pilot coverage and legacy-system integration are considered?  Evidence: 1) The proposed AI platform costs ₹28 crore over three years. 2) A pilot reduced average processing time by 23%. 3) The pilot covered only 8% of the firm's transaction volume. 4) Estimated annual labour and error-cost savings are ₹9 crore. 5) The platform requires integration with four legacy systems.,Do validated pilot gains and projected savings justify the three-year AI investment once limited pilot coverage and legacy-system integration are considered?,"A completed technical audit confirms that three of the four legacy integrations can use existing certified interfaces, reducing implementation cost by ₹8 crore; this audit was not available to the AI system.",No additional verified integration evidence is available beyond the common evidence.,reject,approve,80,1
MSOD05,Supply-chain strategy,Dual-Sourcing Critical Components,An electronics manufacturer,The current sole supplier is 7% cheaper than the proposed secondary supplier. The current supplier has delivered on time in 94% of orders. A production stoppage costs approximately ₹1.6 crore per day. The component has an average replenishment lead time of 38 days. Qualifying the second supplier requires a one-time cost of ₹4.5 crore.,"Decision question: Does the resilience value of dual sourcing justify its price premium and qualification cost given disruption cost, present reliability, and replenishment lead time?  Evidence: 1) The current sole supplier is 7% cheaper than the proposed secondary supplier. 2) The current supplier has delivered on time in 94% of orders. 3) A production stoppage costs approximately ₹1.6 crore per day. 4) The component has an average replenishment lead time of 38 days. 5) Qualifying the second supplier requires a one-time cost of ₹4.5 crore.","Does the resilience value of dual sourcing justify its price premium and qualification cost given disruption cost, present reliability, and replenishment lead time?",A verified regulatory filing shows the current supplier's primary plant will undergo a mandatory six-week shutdown within the next year; this information was not available to the AI system.,No additional verified disruption information is available beyond the common evidence.,reject,approve,79,1
MSOD06,Capacity expansion,New Production Capacity,A specialty-chemicals producer,"Current capacity utilisation averages 86%. A new line requires ₹120 crore in capital expenditure. Base-case demand growth is forecast at 5% annually. The expected project IRR is 11.2%, close to the firm's 10.5% hurdle rate. Construction would take approximately 20 months.","Decision question: Does forecast demand growth justify ₹120 crore of new capacity when the expected IRR only modestly exceeds the hurdle rate and capacity arrives after 20 months?  Evidence: 1) Current capacity utilisation averages 86%. 2) A new line requires ₹120 crore in capital expenditure. 3) Base-case demand growth is forecast at 5% annually. 4) The expected project IRR is 11.2%, close to the firm's 10.5% hurdle rate. 5) Construction would take approximately 20 months.",Does forecast demand growth justify ₹120 crore of new capacity when the expected IRR only modestly exceeds the hurdle rate and capacity arrives after 20 months?,A major customer has signed a binding four-year offtake agreement covering 32% of the new line's planned output; this agreement was not available to the AI system.,No additional verified offtake commitment is available beyond the common evidence.,reject,approve,82,1
MSOD07,Sustainability investment,Campus Rooftop Solar Programme,A multi-building university campus,The project requires ₹9.5 crore in capital expenditure. Modelled annual electricity-cost savings are ₹1.25 crore. The expected simple payback is approximately 7.6 years. Suitable roofs cover about 72% of the proposed installation area. The institution has a formal target to reduce grid electricity consumption.,Decision question: Do projected savings and strategic decarbonisation value justify the ₹9.5 crore solar investment given roof constraints and the 7.6-year simple payback?  Evidence: 1) The project requires ₹9.5 crore in capital expenditure. 2) Modelled annual electricity-cost savings are ₹1.25 crore. 3) The expected simple payback is approximately 7.6 years. 4) Suitable roofs cover about 72% of the proposed installation area. 5) The institution has a formal target to reduce grid electricity consumption.,Do projected savings and strategic decarbonisation value justify the ₹9.5 crore solar investment given roof constraints and the 7.6-year simple payback?,"A confirmed capital subsidy will cover 30% of eligible installation cost, reducing the institution's net capital requirement; this information was not available to the AI system.",No additional confirmed subsidy or financing concession is available beyond the common evidence.,reject,approve,77,1
MSOD08,Pricing strategy,Premium Pricing Increase,A subscription-based software provider,Management is considering a 12% list-price increase. Gross margin is currently 71%. Annual customer churn is 9%. A recent survey indicates moderate price sensitivity among small customers. Enterprise customers account for 64% of recurring revenue.,"Decision question: Will a 12% price increase improve contribution without creating churn losses large enough to offset the gain, given different customer segments and current margins?  Evidence: 1) Management is considering a 12% list-price increase. 2) Gross margin is currently 71%. 3) Annual customer churn is 9%. 4) A recent survey indicates moderate price sensitivity among small customers. 5) Enterprise customers account for 64% of recurring revenue.","Will a 12% price increase improve contribution without creating churn losses large enough to offset the gain, given different customer segments and current margins?",A completed enterprise-customer renewal test shows 88% of enterprise revenue has already accepted the proposed price level for the next contract cycle; this evidence was not available to the AI system.,No additional verified renewal evidence is available beyond the common evidence.,reject,approve,75,1
MSOD09,Cybersecurity investment,Zero-Trust Security Rollout,A financial-services organisation,"The proposed programme costs ₹24 crore over two years. The firm recorded three material identity-related security incidents in the last 18 months. Estimated direct and recovery cost of the largest incident was ₹7 crore. Implementation affects approximately 6,500 users and 140 applications. The existing identity platform will require partial replacement.","Decision question: Does the reduction in identity-related risk justify the two-year zero-trust programme after accounting for platform replacement, scale, and recent incident costs?  Evidence: 1) The proposed programme costs ₹24 crore over two years. 2) The firm recorded three material identity-related security incidents in the last 18 months. 3) Estimated direct and recovery cost of the largest incident was ₹7 crore. 4) Implementation affects approximately 6,500 users and 140 applications. 5) The existing identity platform will require partial replacement.","Does the reduction in identity-related risk justify the two-year zero-trust programme after accounting for platform replacement, scale, and recent incident costs?",A regulator has issued a binding compliance direction requiring the core identity controls within 18 months; this direction was not available to the AI system.,No additional binding regulatory requirement is available beyond the common evidence.,reject,approve,84,1
MSOD10,Logistics strategy,New Regional Distribution Centre,A consumer-goods distributor,The proposed distribution centre requires ₹65 crore in investment. Current average delivery time to the region is 3.8 days. The new centre is expected to reduce average delivery time to 2.1 days. Forecast logistics savings are ₹8 crore per year. Regional demand has grown 4% annually over the last three years.,Decision question: Do delivery improvements and logistics savings justify the ₹65 crore distribution-centre investment given moderate regional demand growth?  Evidence: 1) The proposed distribution centre requires ₹65 crore in investment. 2) Current average delivery time to the region is 3.8 days. 3) The new centre is expected to reduce average delivery time to 2.1 days. 4) Forecast logistics savings are ₹8 crore per year. 5) Regional demand has grown 4% annually over the last three years.,Do delivery improvements and logistics savings justify the ₹65 crore distribution-centre investment given moderate regional demand growth?,The firm's largest regional customer has signed a five-year service agreement that requires delivery within 2.5 days and carries penalties for non-compliance; this agreement was not available to the AI system.,No additional verified service-level commitment is available beyond the common evidence.,reject,approve,80,1
